#   lat     lng  temp,C     %hum    mps     dir    mmHg    Wx           TZ
    -90    -180   -31.9    81.0     0.0   102.0  1003.0 Clear           46800
    -86    -180   -27.1    79.0     4.1   132.0   997.0 Clouds          -43200
    -82    -180    -8.9    86.0     6.0   147.0   984.0 Clouds          -43200
    -78    -180    -1.3    97.0     4.8   133.0   975.0 Snow            -43200
    -74    -180    -1.1    92.0     2.1   157.0   971.0 Clouds          -43200
    -70    -180    -2.4    67.0     6.5   236.0   981.0 Clouds          -43200
    -66    -180     0.0    73.0     5.0   275.0   980.0 Clouds          -43200
    -62    -180     2.9    78.0     5.6   280.0   983.0 Clouds          -43200
    -58    -180     5.5    70.0     6.8   223.0   987.0 Clouds          -43200
    -54    -180     8.0    73.0    12.4   222.0   991.0 Rain            -43200
    -50    -180     9.3    79.0    13.3   254.0  1001.0 Clear           -43200
    -46    -180    13.7    87.0     9.7   262.0  1008.0 Clouds          -43200
    -42    -180    18.1    78.0     2.4   234.0  1009.0 Clear           -43200
    -38    -180    20.3    84.0     8.4   322.0  1011.0 Clear           -43200
    -34    -180    21.5    81.0     0.6    73.0  1013.0 Clear           -43200
    -30    -180    23.9    89.0     5.0   152.0  1012.0 Clear           46800
    -26    -180    25.7    87.0     7.2   146.0  1010.0 Clouds          -43200
    -22    -180    27.0    87.0     6.3   153.0  1008.0 Rain            -43200
    -18    -180    28.1    74.0     0.6    78.0  1008.0 Clouds          43200
    -14    -180    28.4    73.0     5.5   326.0  1008.0 Clouds          43200
    -10    -180    28.2    77.0     7.3   322.0  1010.0 Rain            43200
     -6    -180    28.3    68.0     3.6    21.0  1011.0 Clouds          -43200
     -2    -180    27.6    78.0     6.9    68.0  1011.0 Clouds          -43200
      2    -180    27.2    81.0     7.2    73.0  1011.0 Clouds          -43200
      6    -180    27.0    79.0    10.0    72.0  1012.0 Clouds          -43200
     10    -180    27.3    68.0     9.4    85.0  1013.0 Clouds          -43200
     14    -180    26.3    74.0     7.6    91.0  1015.0 Clouds          -43200
     18    -180    25.6    75.0     5.8   104.0  1016.0 Clouds          -43200
     22    -180    24.5    84.0     5.0   158.0  1017.0 Clear           -43200
     26    -180    23.2    85.0     7.6   232.0  1015.0 Clear           -43200
     30    -180    19.2    88.0     8.9   259.0  1011.0 Rain            -43200
     34    -180    14.9    75.0     9.5   254.0  1006.0 Clear           -43200
     38    -180    11.9    72.0    16.0   264.0   998.0 Rain            -43200
     42    -180     8.1    85.0    15.8   280.0   982.0 Rain            -43200
     46    -180     3.6    76.0    17.6    58.0   992.0 Clouds          -43200
     50    -180     2.1    64.0    14.3    71.0  1004.0 Clouds          -36000
     54    -180     1.2    65.0     9.6    92.0  1014.0 Clouds          -43200
     58    -180     1.5    80.0     7.7   167.0  1017.0 Clouds          -43200
     62    -180    -4.0    85.0     9.7    70.0  1022.0 Clouds          43200
     66    -180   -29.1    94.0     2.0   326.0  1026.0 Clouds          -43200
     70    -180   -20.9    97.0     3.8    12.0  1029.0 Clouds          -43200
     74    -180   -27.5    99.0     4.4    30.0  1036.0 Clouds          -43200
     78    -180   -34.4   100.0     2.6    21.0  1041.0 Clouds          -43200
     82    -180   -34.9    99.0     3.1   275.0  1039.0 Clouds          -43200
     86    -180   -33.3    98.0     4.5   269.0  1032.0 Clouds          -43200
     90    -180   -23.9   100.0     0.0    90.0  1024.0 Clouds          0

    -90    -175   -31.9    81.0     0.0   102.0  1003.0 Clear           46800
    -86    -175   -27.2    77.0     3.5   114.0   996.0 Clouds          46800
    -82    -175    -8.2    94.0     5.6   139.0   984.0 Snow            46800
    -78    -175    -1.0    98.0     6.1    85.0   975.0 Snow            46800
    -74    -175    -1.8    97.0     4.6   102.0   970.0 Clouds          -43200
    -70    -175    -2.1    74.0     8.8   246.0   979.0 Clouds          -43200
    -66    -175    -0.4    69.0     4.6    61.0   981.0 Clouds          -43200
    -62    -175     1.9    95.0     5.8   229.0   982.0 Snow            -43200
    -58    -175     5.2    72.0     8.5   216.0   984.0 Clouds          -43200
    -54    -175     8.0    65.0    13.5   228.0   987.0 Rain            -43200
    -50    -175    10.0    69.0    15.7   257.0   997.0 Rain            -43200
    -46    -175    14.1    83.0    10.3   257.0  1006.0 Clouds          -43200
    -42    -175    18.8    85.0     9.1   292.0  1010.0 Rain            -43200
    -38    -175    20.9    70.0     5.0   336.0  1013.0 Clouds          -43200
    -34    -175    21.4    79.0     3.2   121.0  1013.0 Clear           -43200
    -30    -175    24.9    92.0     5.6   127.0  1011.0 Clear           -43200
    -26    -175    26.9    91.0     4.4   125.0  1008.0 Clear           -43200
    -22    -175    28.2    81.0     2.7   198.0  1005.0 Rain            46800
    -18    -175    29.0    75.0     5.2   319.0  1007.0 Clouds          46800
    -14    -175    27.9    80.0    11.5   317.0  1010.0 Rain            43200
    -10    -175    28.6    74.0     8.2   338.0  1011.0 Clouds          -43200
     -6    -175    27.9    74.0     8.9    42.0  1011.0 Rain            46800
     -2    -175    27.4    78.0     8.8    80.0  1011.0 Clouds          46800
      2    -175    26.6    83.0     8.7   110.0  1012.0 Rain            -43200
      6    -175    27.0    82.0     9.3    77.0  1012.0 Rain            -43200
     10    -175    26.9    72.0     8.4    84.0  1014.0 Clouds          -43200
     14    -175    26.1    72.0     8.2    90.0  1016.0 Clouds          -43200
     18    -175    25.7    69.0     6.3   105.0  1017.0 Clouds          -43200
     22    -175    23.5    79.0     3.5    76.0  1018.0 Clear           -43200
     26    -175    22.4    82.0     7.6   221.0  1016.0 Clouds          -36000
     30    -175    19.6    88.0    10.1   232.0  1012.0 Rain            -43200
     34    -175    15.4    80.0    11.3   265.0  1006.0 Clear           -43200
     38    -175    12.8    70.0    15.9   259.0   998.0 Clear           -43200
     42    -175     9.1    84.0    18.5   237.0   980.0 Rain            -43200
     46    -175     4.0    83.0    18.8    60.0   988.0 Clouds          -43200
     50    -175     2.0    65.0    15.2    63.0  1003.0 Clouds          -43200
     54    -175     0.1    58.0    13.0    51.0  1013.0 Clouds          -43200
     58    -175    -1.7    71.0     5.4    32.0  1019.0 Clouds          -43200
     62    -175   -12.3    97.0     4.0   357.0  1022.0 Clear           -43200
     66    -175   -27.1    96.0     1.2   304.0  1025.0 Clouds          43200
     70    -175   -20.9    97.0     5.6    24.0  1026.0 Clouds          43200
     74    -175   -25.1   100.0     4.9    25.0  1034.0 Clouds          -43200
     78    -175   -27.1   100.0     3.2    23.0  1039.0 Clouds          -43200
     82    -175   -34.8    99.0     3.3   285.0  1038.0 Clouds          -43200
     86    -175   -32.7    98.0     5.1   275.0  1032.0 Clouds          -43200
     90    -175   -23.9   100.0     0.0    90.0  1024.0 Clouds          0

    -90    -170   -31.9    81.0     0.0   102.0  1003.0 Clear           46800
    -86    -170   -27.9    77.0     2.1   276.0   998.0 Clouds          46800
    -82    -170    -6.3    95.0     4.7   127.0   983.0 Snow            46800
    -78    -170    -1.1    97.0     8.8    60.0   977.0 Snow            46800
    -74    -170    -1.9    85.0     5.2    22.0   972.0 Clouds          -39600
    -70    -170    -1.8    78.0     7.4   247.0   978.0 Clouds          -39600
    -66    -170    -0.9    71.0     5.7   188.0   980.0 Clouds          -39600
    -62    -170     1.0    74.0     4.7   198.0   980.0 Clouds          -39600
    -58    -170     4.2    71.0     6.7   172.0   981.0 Clouds          -39600
    -54    -170     8.2    86.0    10.9   242.0   972.0 Clear           -39600
    -50    -170    10.0    79.0    16.1   260.0   993.0 Clouds          -39600
    -46    -170    14.6    85.0    11.3   279.0  1003.0 Rain            -39600
    -42    -170    17.8    77.0     9.4   295.0  1011.0 Clouds          -39600
    -38    -170    18.4    65.0     1.1    18.0  1014.0 Clear           -39600
    -34    -170    22.9    86.0     6.0   136.0  1012.0 Clear           -39600
    -30    -170    25.3    88.0     3.5   147.0  1010.0 Clear           -39600
    -26    -170    27.1    88.0     6.2     5.0  1010.0 Rain            -39600
    -22    -170    27.9    85.0    10.4   357.0  1009.0 Rain            -39600
    -18    -170    26.3    88.0    10.7    18.0  1011.0 Rain            -39600
    -14    -170    26.8    85.0     9.2    11.0  1012.0 Rain            -39600
    -10    -170    28.3    68.0     7.9    23.0  1013.0 Clouds          46800
     -6    -170    27.8    71.0     7.1    60.0  1012.0 Clouds          46800
     -2    -170    26.4    73.0    10.8    77.0  1013.0 Clouds          46800
      2    -170    26.4    74.0    10.3   110.0  1013.0 Clouds          -39600
      6    -170    26.9    81.0     8.6    91.0  1013.0 Rain            -39600
     10    -170    26.6    78.0     8.8    80.0  1014.0 Rain            -39600
     14    -170    25.7    80.0     7.4    79.0  1016.0 Clouds          -39600
     18    -170    25.1    75.0     6.0    87.0  1018.0 Clear           -36000
     22    -170    23.9    74.0     2.1   125.0  1019.0 Clear           -39600
     26    -170    21.3    79.0     6.2   248.0  1018.0 Rain            -36000
     30    -170    18.6    88.0     7.8   218.0  1014.0 Clouds          -39600
     34    -170    16.1    95.0    11.1   253.0  1006.0 Rain            -39600
     38    -170    13.4    76.0    12.5   250.0   999.0 Rain            -39600
     42    -170    10.1    75.0    15.8   235.0   988.0 Clouds          -39600
     46    -170     3.7    97.0    16.3    74.0   989.0 Rain            -39600
     50    -170     1.6    79.0    13.2    57.0  1001.0 Snow            -39600
     54    -170    -1.1    76.0    12.9    36.0  1009.0 Clouds          -36000
     58    -170    -8.6    82.0    10.9    12.0  1016.0 Clear           -32400
     62    -170   -14.3    96.0     4.9   351.0  1019.0 Clouds          -32400
     66    -170   -16.5    94.0     4.6   337.0  1020.0 Clouds          43200
     70    -170   -21.2    96.0     6.7    29.0  1023.0 Clouds          -39600
     74    -170   -21.5   100.0     5.4    25.0  1033.0 Clouds          -39600
     78    -170   -32.3   100.0     2.7    23.0  1039.0 Clouds          -39600
     82    -170   -34.7    99.0     3.7   290.0  1037.0 Clouds          -39600
     86    -170   -30.9    97.0     5.5   282.0  1031.0 Clouds          -39600
     90    -170   -23.9   100.0     0.0    90.0  1024.0 Clouds          0

    -90    -165   -31.9    81.0     0.0   102.0  1003.0 Clear           46800
    -86    -165   -24.6    71.0     3.5   292.0   995.0 Clouds          46800
    -82    -165    -4.6    96.0     3.5   113.0   983.0 Clouds          46800
    -78    -165    -1.5    97.0    10.8    53.0   979.0 Snow            46800
    -74    -165    -1.3    81.0     3.7    10.0   974.0 Clouds          -39600
    -70    -165    -1.6    83.0     4.3   244.0   977.0 Clouds          -39600
    -66    -165    -1.1    75.0     9.4   181.0   977.0 Clouds          -39600
    -62    -165     0.2    74.0    11.0   198.0   976.0 Clouds          -39600
    -58    -165     3.8    68.0     6.2   197.0   978.0 Clouds          -39600
    -54    -165     8.5    81.0    13.0   307.0   974.0 Rain            -39600
    -50    -165    11.8    78.0    15.6   269.0   989.0 Rain            -39600
    -46    -165    14.0    83.0    14.3   276.0  1002.0 Rain            -39600
    -42    -165    17.1    68.0     9.7   252.0  1011.0 Clouds          -39600
    -38    -165    18.5    63.0     2.4   243.0  1015.0 Clouds          -39600
    -34    -165    21.6    88.0     7.6    94.0  1013.0 Rain            -39600
    -30    -165    24.3    88.0     3.9   309.0  1011.0 Rain            -39600
    -26    -165    26.8    86.0     5.8   330.0  1012.0 Rain            -39600
    -22    -165    27.7    80.0     7.0   350.0  1013.0 Clouds          -39600
    -18    -165    27.1    79.0     5.8    19.0  1013.0 Rain            -36000
    -14    -165    27.6    75.0     5.8    33.0  1014.0 Rain            -39600
    -10    -165    27.4    77.0     7.4    47.0  1013.0 Clouds          -36000
     -6    -165    27.2    70.0     7.4    68.0  1013.0 Clouds          -39600
     -2    -165    26.8    73.0     6.9    87.0  1013.0 Clouds          -39600
      2    -165    25.9    79.0     8.4   100.0  1013.0 Clouds          -39600
      6    -165    27.1    77.0     8.6   101.0  1013.0 Rain            -39600
     10    -165    26.5    82.0     8.2    92.0  1014.0 Clouds          -39600
     14    -165    25.5    82.0     8.8    70.0  1016.0 Clouds          -39600
     18    -165    25.3    76.0     6.7    73.0  1018.0 Rain            -39600
     22    -165    23.2    70.0     2.3   123.0  1020.0 Clear           -36000
     26    -165    21.7    69.0     5.7   212.0  1019.0 Clear           -39600
     30    -165    18.7    83.0     9.6   221.0  1016.0 Clouds          -39600
     34    -165    16.1    93.0    14.2   222.0  1009.0 Rain            -39600
     38    -165    13.6    89.0     9.2   234.0  1001.0 Rain            -39600
     42    -165    10.8    84.0    11.7   241.0   993.0 Clouds          -39600
     46    -165     3.7    90.0    13.3   108.0   995.0 Rain            -39600
     50    -165     2.9    76.0     7.4    66.0  1001.0 Clouds          -39600
     54    -165    -0.5    75.0     4.0    70.0  1006.0 Clouds          -32400
     58    -165    -7.0    90.0     7.0     6.0  1011.0 Clouds          -39600
     62    -165   -12.1    96.0     5.8   334.0  1014.0 Clouds          -32400
     66    -165   -16.0    96.0     3.5   279.0  1018.0 Clouds          -32400
     70    -165   -13.5    94.0     6.6    63.0  1021.0 Clouds          -39600
     74    -165   -21.4   100.0     6.2    31.0  1031.0 Clouds          -39600
     78    -165   -33.2   100.0     3.0    12.0  1038.0 Clouds          -39600
     82    -165   -33.7    99.0     4.0   298.0  1036.0 Clouds          -39600
     86    -165   -29.5    97.0     5.8   289.0  1030.0 Clouds          -39600
     90    -165   -23.9   100.0     0.0    90.0  1024.0 Clouds          0

    -90    -160   -31.9    81.0     0.0   102.0  1003.0 Clear           46800
    -86    -160   -17.0    67.0     6.3   213.0   994.0 Clouds          46800
    -82    -160    -3.5    96.0     2.5    56.0   983.0 Clouds          46800
    -78    -160    -1.8    88.0     6.7    40.0   981.0 Snow            46800
    -74    -160    -1.3    95.0     3.6    38.0   976.0 Clouds          -39600
    -70    -160    -1.1    81.0     4.0   191.0   977.0 Clouds          -39600
    -66    -160     0.1    92.0     9.9   169.0   971.0 Clouds          -39600
    -62    -160     0.5    98.0    13.3   217.0   968.0 Snow            -39600
    -58    -160     3.7    72.0     8.0   241.0   975.0 Clouds          -39600
    -54    -160     8.1    76.0     7.2   311.0   980.0 Clouds          -39600
    -50    -160    11.1    88.0    12.5   289.0   989.0 Rain            -39600
    -46    -160    13.8    80.0    13.2   275.0  1001.0 Clouds          -39600
    -42    -160    16.4    80.0     9.7   271.0  1010.0 Rain            -39600
    -38    -160    18.4    59.0     3.5   263.0  1015.0 Clouds          -39600
    -34    -160    20.6    77.0     5.0   104.0  1015.0 Clouds          -39600
    -30    -160    22.8    89.0     5.3   214.0  1012.0 Rain            -39600
    -26    -160    26.2    84.0     6.3   297.0  1013.0 Rain            -39600
    -22    -160    27.1    79.0     5.3     0.0  1014.0 Clouds          -36000
    -18    -160    27.0    79.0     4.9    20.0  1015.0 Clouds          -36000
    -14    -160    27.7    73.0     4.8    69.0  1015.0 Clouds          -39600
    -10    -160    27.1    75.0     2.6    71.0  1014.0 Rain            -36000
     -6    -160    26.9    74.0     7.2    76.0  1014.0 Clouds          -39600
     -2    -160    25.3    86.0     7.9    94.0  1014.0 Clouds          -39600
      2    -160    25.3    87.0     7.4   105.0  1014.0 Rain            50400
      6    -160    26.7    80.0     8.7    75.0  1014.0 Clouds          50400
     10    -160    26.3    80.0     8.4    75.0  1015.0 Clear           -39600
     14    -160    24.8    83.0     8.5    68.0  1017.0 Clear           -39600
     18    -160    24.6    71.0     5.8    74.0  1019.0 Clear           -39600
     22    -160    23.0    74.0     1.6   271.0  1020.0 Clear           -36000
     26    -160    20.4    74.0     3.3   164.0  1020.0 Clear           -39600
     30    -160    18.2    80.0     6.7   226.0  1019.0 Clouds          -39600
     34    -160    15.9    91.0    12.3   230.0  1012.0 Clouds          -39600
     38    -160    14.2    90.0    11.7   244.0  1004.0 Rain            -39600
     42    -160     8.4    89.0    12.9   141.0   997.0 Rain            -39600
     46    -160     4.4    63.0     4.4   125.0  1000.0 Clouds          -39600
     50    -160     3.9    64.0     5.6    92.0  1001.0 Clouds          -39600
     54    -160     2.4    77.0     6.4    59.0  1005.0 Clouds          -39600
     58    -160    -4.6    94.0     3.3    39.0  1008.0 Clouds          -39600
     62    -160   -14.3    95.0     2.6     3.0  1013.0 Clouds          -32400
     66    -160   -18.7   100.0     0.7    33.0  1017.0 Clouds          -32400
     70    -160   -21.2    98.0     4.3    48.0  1021.0 Clouds          -32400
     74    -160   -21.9   100.0     6.1    31.0  1029.0 Clouds          -39600
     78    -160   -33.1   100.0     3.1     7.0  1037.0 Clouds          -39600
     82    -160   -33.6   100.0     4.3   301.0  1035.0 Clouds          -39600
     86    -160   -28.1    97.0     6.0   295.0  1030.0 Clouds          -39600
     90    -160   -23.9   100.0     0.0    90.0  1024.0 Clouds          0

    -90    -155   -31.9    81.0     0.0   102.0  1003.0 Clear           46800
    -86    -155   -26.0    65.0     4.3   175.0   991.0 Clouds          46800
    -82    -155    -3.8    94.0     3.5    17.0   984.0 Clouds          46800
    -78    -155    -5.3    81.0     8.5    24.0   982.0 Clouds          46800
    -74    -155    -1.2    91.0     3.2    45.0   977.0 Clouds          -36000
    -70    -155    -0.5    81.0     3.0    97.0   977.0 Clouds          -36000
    -66    -155    -0.1    98.0    13.2   137.0   966.0 Snow            -36000
    -62    -155     0.4    98.0     9.7   243.0   958.0 Snow            -36000
    -58    -155     3.3    79.0     9.3   283.0   973.0 Clouds          -36000
    -54    -155     7.5    79.0     8.6   274.0   981.0 Clouds          -36000
    -50    -155    11.0    77.0     9.7   281.0   991.0 Clouds          -36000
    -46    -155    12.8    86.0    12.3   281.0  1001.0 Rain            -36000
    -42    -155    16.3    77.0    10.2   274.0  1010.0 Clouds          -36000
    -38    -155    17.7    61.0     4.5   240.0  1014.0 Clouds          -36000
    -34    -155    19.9    64.0     3.7   151.0  1015.0 Clouds          -36000
    -30    -155    23.8    70.0     4.1   112.0  1013.0 Clouds          -36000
    -26    -155    25.4    84.0     7.6   276.0  1013.0 Rain            -36000
    -22    -155    26.2    77.0     1.8   299.0  1015.0 Clouds          -36000
    -18    -155    26.7    74.0     0.7    76.0  1015.0 Clouds          -36000
    -14    -155    27.1    77.0     5.8    86.0  1015.0 Rain            -36000
    -10    -155    26.5    80.0     6.5    93.0  1014.0 Rain            -36000
     -6    -155    26.2    77.0     8.1    69.0  1014.0 Clouds          50400
     -2    -155    25.3    78.0     8.5    88.0  1014.0 Clear           -36000
      2    -155    25.1    88.0     7.4   114.0  1014.0 Clouds          -36000
      6    -155    26.4    81.0     9.1    76.0  1014.0 Rain            -36000
     10    -155    25.9    85.0     8.6    77.0  1015.0 Clear           -36000
     14    -155    25.0    83.0     8.7    77.0  1017.0 Clear           -36000
     18    -155    24.2    78.0     6.2    63.0  1019.0 Clear           -36000
     22    -155    22.8    73.0     6.0    66.0  1020.0 Clear           -36000
     26    -155    20.1    64.0     3.0    77.0  1021.0 Clear           -36000
     30    -155    17.7    70.0     6.0   240.0  1020.0 Clouds          -36000
     34    -155    15.9    85.0    12.4   233.0  1015.0 Clouds          -36000
     38    -155    12.3    96.0     6.6   182.0  1004.0 Rain            -36000
     42    -155     8.2    67.0     4.6   258.0  1002.0 Clouds          -36000
     46    -155     5.9    79.0     8.8   322.0   998.0 Clouds          -36000
     50    -155     4.7    89.0     9.3     6.0   997.0 Clouds          -36000
     54    -155     4.0    80.0     6.3    37.0  1002.0 Clouds          -32400
     58    -155     2.2    96.0     1.7    13.0  1007.0 Clouds          -32400
     62    -155   -14.1    89.0     0.8   109.0  1012.0 Clouds          -32400
     66    -155   -24.1    99.0     1.2    62.0  1017.0 Clouds          -32400
     70    -155   -19.3    98.0     2.8    35.0  1021.0 Snow            -32400
     74    -155   -20.4   100.0     6.1    37.0  1028.0 Clouds          -36000
     78    -155   -33.0   100.0     3.2     3.0  1035.0 Clouds          -36000
     82    -155   -33.3    99.0     4.6   303.0  1034.0 Clouds          -36000
     86    -155   -26.4    96.0     6.2   300.0  1029.0 Clouds          -36000
     90    -155   -23.9   100.0     0.0    90.0  1024.0 Clouds          0

    -90    -150   -31.9    81.0     0.0   102.0  1003.0 Clear           46800
    -86    -150   -17.4    71.0     4.3   182.0   993.0 Clouds          46800
    -82    -150    -4.4    87.0     3.6   353.0   984.0 Clouds          46800
    -78    -150    -5.9    87.0     3.6    48.0   985.0 Clouds          46800
    -74    -150    -0.8    93.0     4.1    48.0   979.0 Clouds          -36000
    -70    -150    -0.2    96.0     4.8    83.0   977.0 Clouds          -36000
    -66    -150     0.4    98.0    10.1    56.0   968.0 Clouds          -36000
    -62    -150     0.5    92.0    15.2   347.0   964.0 Clouds          -36000
    -58    -150     2.4    89.0     7.8   323.0   975.0 Clouds          -36000
    -54    -150     7.2    85.0     6.5   283.0   981.0 Clouds          -36000
    -50    -150    10.3    81.0    13.0   283.0   991.0 Clear           -36000
    -46    -150    12.6    86.0     9.7   275.0  1001.0 Rain            -36000
    -42    -150    15.5    78.0     8.3   271.0  1009.0 Clouds          -36000
    -38    -150    17.6    63.0     4.0   207.0  1013.0 Clouds          -36000
    -34    -150    20.3    63.0     5.2   167.0  1013.0 Clouds          -36000
    -30    -150    23.1    84.0     4.5   171.0  1012.0 Rain            -36000
    -26    -150    25.5    84.0     8.0   287.0  1013.0 Clouds          -36000
    -22    -150    26.1    78.0     3.5   286.0  1016.0 Rain            -36000
    -18    -150    27.3    68.0     2.5    93.0  1016.0 Clear           -36000
    -14    -150    27.0    76.0     4.8    81.0  1015.0 Rain            -36000
    -10    -150    27.2    77.0     6.4   101.0  1015.0 Clouds          50400
     -6    -150    26.1    79.0     7.1    73.0  1014.0 Clouds          -36000
     -2    -150    24.9    79.0     6.1    93.0  1015.0 Clear           -36000
      2    -150    24.9    81.0     6.7   102.0  1014.0 Clouds          -36000
      6    -150    26.1    81.0     8.2    87.0  1015.0 Rain            -36000
     10    -150    25.9    82.0     9.4    67.0  1016.0 Clear           -36000
     14    -150    25.1    77.0     8.6    75.0  1017.0 Clear           -36000
     18    -150    23.8    76.0     6.5   106.0  1019.0 Clear           -36000
     22    -150    22.4    81.0     8.2    45.0  1020.0 Clouds          -36000
     26    -150    20.0    63.0     4.0    47.0  1021.0 Clear           -36000
     30    -150    17.9    60.0     3.8   273.0  1021.0 Clear           -36000
     34    -150    15.5    69.0     8.7   256.0  1016.0 Clouds          -36000
     38    -150    12.1    67.0    10.9   258.0  1009.0 Clouds          -36000
     42    -150     8.9    78.0    14.5   281.0  1000.0 Clouds          -36000
     46    -150     6.9    94.0    12.4   297.0   988.0 Clouds          -36000
     50    -150     6.2    96.0    13.2    25.0   988.0 Rain            -36000
     54    -150     4.2    89.0    10.4    42.0   999.0 Clouds          -36000
     58    -150     5.7    92.0     4.6    63.0  1007.0 Rain            -36000
     62    -150    -5.7    95.0     0.5   121.0  1011.0 Clouds          -32400
     66    -150   -27.9   100.0     0.6   282.0  1019.0 Clouds          -32400
     70    -150   -19.1    98.0     1.6     2.0  1020.0 Clouds          -32400
     74    -150   -19.7    98.0     5.8    40.0  1027.0 Clouds          -36000
     78    -150   -33.4   100.0     3.2   356.0  1034.0 Clouds          -36000
     82    -150   -32.6    97.0     5.4   308.0  1032.0 Clouds          -36000
     86    -150   -24.8    96.0     6.2   308.0  1028.0 Clouds          -36000
     90    -150   -23.9   100.0     0.0    90.0  1024.0 Clouds          0

    -90    -145   -31.9    81.0     0.0   102.0  1003.0 Clear           46800
    -86    -145   -25.3    63.0     3.2   138.0   992.0 Clouds          -36000
    -82    -145    -4.2    88.0     3.7   347.0   985.0 Clouds          -36000
    -78    -145    -6.0    71.0     2.7    39.0   986.0 Clouds          -36000
    -74    -145    -0.8    96.0     5.9    62.0   981.0 Clouds          -36000
    -70    -145    -0.5    93.0     4.7    72.0   978.0 Clouds          -36000
    -66    -145     0.6    98.0     9.4    32.0   973.0 Clouds          -36000
    -62    -145     1.1    81.0    11.3   348.0   973.0 Clouds          -36000
    -58    -145     1.7    95.0     6.2   292.0   978.0 Clouds          -36000
    -54    -145     7.8    83.0     5.4   317.0   982.0 Clouds          -36000
    -50    -145    10.3    83.0    12.5   292.0   992.0 Clear           -36000
    -46    -145    12.7    87.0    10.0   279.0  1002.0 Clouds          -36000
    -42    -145    15.2    73.0     6.8   260.0  1009.0 Clear           -36000
    -38    -145    17.2    67.0     6.8   172.0  1011.0 Clear           -36000
    -34    -145    21.3    83.0     7.5   183.0  1010.0 Clouds          -36000
    -30    -145    23.6    87.0     5.0   170.0  1009.0 Clouds          -36000
    -26    -145    25.5    86.0     7.5   292.0  1014.0 Clouds          -36000
    -22    -145    26.6    76.0     4.8   305.0  1016.0 Clouds          -36000
    -18    -145    26.9    75.0     4.8    44.0  1016.0 Clouds          -36000
    -14    -145    27.1    72.0     5.8    84.0  1016.0 Clear           -36000
    -10    -145    27.1    70.0     6.6    90.0  1015.0 Clouds          -36000
     -6    -145    26.0    80.0     6.5    76.0  1015.0 Clouds          -36000
     -2    -145    24.5    84.0     5.5   109.0  1015.0 Clouds          -36000
      2    -145    25.0    85.0     5.7   114.0  1014.0 Clouds          -36000
      6    -145    25.8    83.0     7.1    85.0  1015.0 Rain            -36000
     10    -145    25.4    82.0     8.3    71.0  1016.0 Clear           -36000
     14    -145    24.6    81.0     7.4    76.0  1018.0 Clear           -36000
     18    -145    22.9    80.0     5.2    65.0  1020.0 Clear           -36000
     22    -145    22.0    83.0     3.3   197.0  1020.0 Rain            -36000
     26    -145    20.1    68.0     5.5     9.0  1021.0 Clouds          -36000
     30    -145    18.7    66.0     6.5   285.0  1021.0 Clouds          -36000
     34    -145    15.9    64.0    10.4   270.0  1017.0 Clouds          -36000
     38    -145    12.9    67.0    14.7   263.0  1009.0 Rain            -36000
     42    -145     9.7    83.0    17.7   264.0   995.0 Rain            -36000
     46    -145     8.5    92.0     4.6   267.0   984.0 Clouds          -36000
     50    -145     7.2    96.0     8.3   165.0   982.0 Clouds          -36000
     54    -145     5.5    95.0    14.3    52.0   996.0 Clouds          -36000
     58    -145     5.0    91.0     6.9    92.0  1008.0 Clouds          -32400
     62    -145   -12.6    84.0     0.9    66.0  1019.0 Clouds          -32400
     66    -145   -26.4   100.0     0.8   224.0  1019.0 Clouds          -32400
     70    -145   -18.5    97.0     2.2   268.0  1020.0 Snow            -32400
     74    -145   -19.6    94.0     5.8    50.0  1026.0 Clouds          -36000
     78    -145   -33.0   100.0     3.2   352.0  1033.0 Clouds          -36000
     82    -145   -32.2    98.0     5.6   307.0  1031.0 Clouds          -36000
     86    -145   -23.7    96.0     6.4   315.0  1027.0 Clouds          -36000
     90    -145   -23.9   100.0     0.0    90.0  1024.0 Clouds          0

    -90    -140   -31.9    81.0     0.0   102.0  1003.0 Clear           46800
    -86    -140   -24.2    63.0     2.2   148.0   991.0 Clouds          -32400
    -82    -140    -5.0    92.0     3.4   357.0   986.0 Clouds          -32400
    -78    -140    -8.0    80.0     4.0   355.0   986.0 Clouds          -32400
    -74    -140    -1.4    96.0    10.2    71.0   983.0 Snow            -32400
    -70    -140    -0.4    99.0     5.5    74.0   980.0 Snow            -32400
    -66    -140     0.5    98.0     9.7    33.0   978.0 Clouds          -32400
    -62    -140     2.0    95.0     7.1    10.0   978.0 Clouds          -32400
    -58    -140     3.9    97.0     9.4   352.0   980.0 Clouds          -32400
    -54    -140     7.6    93.0     7.9   355.0   986.0 Rain            -32400
    -50    -140    10.2    88.0    11.9   305.0   994.0 Rain            -32400
    -46    -140    12.1    86.0     8.8   296.0  1003.0 Clear           -32400
    -42    -140    14.8    78.0     6.0   241.0  1008.0 Clear           -32400
    -38    -140    18.3    77.0     0.1   145.0  1010.0 Clouds          -32400
    -34    -140    21.7    82.0     4.1   159.0  1009.0 Clouds          -32400
    -30    -140    23.6    88.0    10.1   297.0  1010.0 Rain            -32400
    -26    -140    25.9    79.0     7.4   291.0  1014.0 Clouds          -32400
    -22    -140    26.2    77.0     3.6   310.0  1016.0 Clouds          -36000
    -18    -140    26.5    69.0     2.5    43.0  1017.0 Clear           -36000
    -14    -140    27.2    73.0     8.1    87.0  1016.0 Clouds          -36000
    -10    -140    26.8    76.0     7.2    84.0  1015.0 Rain            -34200
     -6    -140    26.4    78.0     5.7    67.0  1015.0 Rain            -32400
     -2    -140    25.0    79.0     7.5   106.0  1014.0 Clear           -32400
      2    -140    24.7    88.0     5.6   130.0  1014.0 Clear           -32400
      6    -140    25.6    84.0     5.8    84.0  1015.0 Rain            -32400
     10    -140    25.4    85.0     8.0    67.0  1016.0 Clear           -32400
     14    -140    24.7    83.0     7.3    66.0  1018.0 Rain            -32400
     18    -140    23.3    78.0     5.8    75.0  1020.0 Clear           -32400
     22    -140    21.6    81.0     4.0   126.0  1021.0 Clouds          -32400
     26    -140    20.6    86.0     4.2   213.0  1020.0 Rain            -32400
     30    -140    18.3    71.0     3.7   289.0  1021.0 Clear           -32400
     34    -140    16.2    69.0    10.7   257.0  1017.0 Clear           -32400
     38    -140    12.8    75.0    12.0   247.0  1010.0 Clear           -32400
     42    -140    10.7    81.0    19.3   214.0   998.0 Rain            -32400
     46    -140     9.0    87.0    12.9   183.0   990.0 Clouds          -32400
     50    -140     7.8    89.0     8.7   160.0   989.0 Clouds          -32400
     54    -140     6.8    92.0    17.5    81.0   996.0 Rain            -32400
     58    -140     6.4    95.0     6.4    99.0  1010.0 Clouds          -32400
     62    -140    -9.0    92.0     1.5   164.0  1018.0 Clouds          -25200
     66    -140   -18.1    95.0     1.6   193.0  1018.0 Clouds          -25200
     70    -140   -13.4    99.0     3.3   311.0  1017.0 Clouds          -32400
     74    -140   -18.6    94.0     5.7    57.0  1025.0 Clouds          -32400
     78    -140   -33.2   100.0     3.2   342.0  1032.0 Clouds          -32400
     82    -140   -31.8    99.0     5.5   306.0  1029.0 Clouds          -32400
     86    -140   -22.5    97.0     6.3   321.0  1026.0 Clouds          -32400
     90    -140   -23.9   100.0     0.0    90.0  1024.0 Clouds          0

    -90    -135   -31.9    81.0     0.0   102.0  1003.0 Clear           46800
    -86    -135   -23.8    72.0     2.5   156.0   991.0 Clouds          -32400
    -82    -135    -5.6    94.0     2.6   328.0   986.0 Clouds          -32400
    -78    -135    -9.2    80.0     2.9    18.0   987.0 Clouds          -32400
    -74    -135    -1.9    95.0    12.6    90.0   985.0 Snow            -32400
    -70    -135    -0.3    98.0     5.8    44.0   983.0 Snow            -32400
    -66    -135     0.6    99.0     9.7    28.0   983.0 Snow            -32400
    -62    -135     2.4    98.0    11.2    12.0   983.0 Clouds          -32400
    -58    -135     4.7    97.0     9.6     4.0   987.0 Clouds          -32400
    -54    -135     7.1    96.0     8.0   341.0   991.0 Clouds          -32400
    -50    -135    10.1    94.0     8.7   324.0   998.0 Clouds          -32400
    -46    -135    12.4    91.0     5.8   304.0  1004.0 Clouds          -32400
    -42    -135    16.1    83.0     5.4   325.0  1008.0 Clouds          -32400
    -38    -135    19.2    76.0     2.0    14.0  1010.0 Clouds          -32400
    -34    -135    20.7    71.0     9.1   141.0  1008.0 Clouds          -32400
    -30    -135    24.1    88.0     9.2   294.0  1011.0 Rain            -32400
    -26    -135    25.8    81.0     6.0   301.0  1015.0 Clouds          -32400
    -22    -135    26.4    75.0     2.9   293.0  1016.0 Clouds          -32400
    -18    -135    26.3    68.0     1.9    25.0  1017.0 Clear           -36000
    -14    -135    26.6    74.0     5.7    85.0  1016.0 Clear           -32400
    -10    -135    26.2    74.0     7.3   103.0  1016.0 Clear           -32400
     -6    -135    25.6    79.0     7.6    70.0  1015.0 Clouds          -32400
     -2    -135    24.8    77.0     7.0   100.0  1015.0 Clear           -32400
      2    -135    25.3    78.0     7.0   124.0  1015.0 Clear           -32400
      6    -135    25.3    84.0     4.4   138.0  1015.0 Rain            -32400
     10    -135    25.3    85.0     8.4    66.0  1016.0 Clear           -32400
     14    -135    24.4    84.0     6.5    67.0  1018.0 Clear           -32400
     18    -135    23.0    79.0     6.6    69.0  1020.0 Clouds          -32400
     22    -135    21.1    71.0     1.7    50.0  1022.0 Clear           -32400
     26    -135    19.3    74.0     2.5   203.0  1022.0 Clouds          -32400
     30    -135    18.4    90.0     7.9   205.0  1021.0 Clouds          -32400
     34    -135    16.4    84.0     5.6   258.0  1018.0 Clear           -32400
     38    -135    14.5    80.0    10.4   235.0  1013.0 Clear           -32400
     42    -135    12.4    81.0    11.7   207.0  1007.0 Clear           -32400
     46    -135    10.2    87.0    12.6   197.0  1000.0 Clouds          -32400
     50    -135     8.6    96.0    10.5   168.0   997.0 Clouds          -32400
     54    -135     8.2    91.0    16.0   100.0  1002.0 Rain            -32400
     58    -135     2.0    94.0     0.8   317.0  1013.0 Clouds          -32400
     62    -135    -6.8    96.0     0.8   182.0  1018.0 Snow            -25200
     66    -135   -20.3   100.0     1.8   238.0  1018.0 Clouds          -25200
     70    -135   -17.0    96.0     2.9   132.0  1018.0 Snow            -32400
     74    -135   -17.7    95.0     5.3    60.0  1025.0 Clouds          -32400
     78    -135   -33.7   100.0     3.1   327.0  1030.0 Clear           -32400
     82    -135   -30.4    98.0     5.7   308.0  1027.0 Clouds          -32400
     86    -135   -21.3    96.0     6.4   327.0  1025.0 Clouds          -32400
     90    -135   -23.9   100.0     0.0    90.0  1024.0 Clouds          0

    -90    -130   -31.9    81.0     0.0   102.0  1003.0 Clear           46800
    -86    -130   -20.6    73.0     4.4   134.0   997.0 Clouds          -32400
    -82    -130    -6.4    94.0     2.5   319.0   987.0 Clouds          -32400
    -78    -130   -12.0    74.0     4.2   352.0   988.0 Clouds          -32400
    -74    -130    -2.1    86.0     8.5    98.0   987.0 Clouds          -32400
    -70    -130    -0.7    99.0     3.7    10.0   986.0 Snow            -32400
    -66    -130     1.0    99.0     8.3     6.0   989.0 Clouds          -32400
    -62    -130     2.7    97.0    12.7    18.0   990.0 Rain            -32400
    -58    -130     5.3    98.0    11.7     8.0   993.0 Rain            -32400
    -54    -130     8.8    96.0    12.5     2.0   996.0 Rain            -32400
    -50    -130    10.6    94.0    10.2   346.0  1002.0 Clouds          -32400
    -46    -130    12.7    92.0     7.1   335.0  1007.0 Clouds          -32400
    -42    -130    15.9    86.0     5.5   347.0  1010.0 Clouds          -32400
    -38    -130    18.9    80.0     3.9     8.0  1011.0 Clouds          -32400
    -34    -130    20.2    90.0    10.5    18.0  1010.0 Rain            -32400
    -30    -130    23.7    78.0     7.3   343.0  1014.0 Clouds          -32400
    -26    -130    25.3    82.0     3.9   274.0  1015.0 Clouds          -28800
    -22    -130    26.2    77.0     2.9   320.0  1017.0 Clouds          -32400
    -18    -130    26.1    67.0     2.9    41.0  1018.0 Clear           -32400
    -14    -130    26.0    77.0     6.7    98.0  1017.0 Clouds          -32400
    -10    -130    26.1    79.0     6.4    94.0  1016.0 Rain            -32400
     -6    -130    25.5    72.0     7.1    89.0  1016.0 Clear           -32400
     -2    -130    24.8    76.0     6.3   105.0  1015.0 Clear           -32400
      2    -130    24.3    80.0     5.9   146.0  1015.0 Clouds          -32400
      6    -130    25.2    85.0     4.3   135.0  1015.0 Clouds          -32400
     10    -130    25.2    87.0     6.4    68.0  1016.0 Rain            -32400
     14    -130    24.6    88.0     7.1    61.0  1017.0 Rain            -32400
     18    -130    22.4    71.0     6.2    48.0  1020.0 Clear           -32400
     22    -130    20.0    72.0     3.6    64.0  1022.0 Clouds          -32400
     26    -130    18.1    73.0     2.4    37.0  1023.0 Clear           -32400
     30    -130    17.0    76.0     3.9   183.0  1023.0 Clouds          -32400
     34    -130    15.5    88.0     8.0   195.0  1021.0 Clouds          -32400
     38    -130    14.4    94.0    11.4   190.0  1017.0 Rain            -32400
     42    -130    12.3    98.0    10.0   185.0  1013.0 Rain            -32400
     46    -130    11.4    94.0    11.2   184.0  1009.0 Clouds          -32400
     50    -130     9.3    98.0    14.0   142.0  1007.0 Rain            -32400
     54    -130     4.0    84.0     3.2    84.0  1012.0 Clouds          -28800
     58    -130    -2.5    93.0     2.3   116.0  1018.0 Clouds          -28800
     62    -130   -11.7    97.0     0.8   103.0  1022.0 Clouds          -25200
     66    -130   -21.6    97.0     1.8   121.0  1017.0 Clouds          -25200
     70    -130   -17.4    88.0     4.6   131.0  1019.0 Clouds          -25200
     74    -130   -17.8    96.0     4.6    62.0  1025.0 Clouds          -32400
     78    -130   -33.0   100.0     3.5   320.0  1029.0 Clear           -32400
     82    -130   -28.6    97.0     6.0   311.0  1025.0 Clouds          -32400
     86    -130   -19.6    96.0     5.6   335.0  1025.0 Clouds          -32400
     90    -130   -23.9   100.0     0.0    90.0  1024.0 Clouds          0

    -90    -125   -31.9    81.0     0.0   102.0  1003.0 Clear           46800
    -86    -125   -22.8    67.0     1.5    58.0   995.0 Clear           -28800
    -82    -125    -7.0    93.0     2.9   300.0   987.0 Clouds          -28800
    -78    -125   -11.2    76.0     3.8   311.0   988.0 Clouds          -28800
    -74    -125    -4.0    94.0     8.1    71.0   989.0 Clouds          -28800
    -70    -125    -0.8    99.0     3.6   343.0   987.0 Clouds          -28800
    -66    -125     1.2    98.0     7.1   351.0   994.0 Snow            -28800
    -62    -125     4.0    94.0    11.8     8.0   998.0 Clouds          -28800
    -58    -125     6.4    94.0    12.6     7.0  1001.0 Clouds          -28800
    -54    -125     8.3    96.0    13.5     7.0  1004.0 Rain            -28800
    -50    -125    10.4    96.0    11.9     5.0  1008.0 Clouds          -28800
    -46    -125    13.1    91.0     7.2   355.0  1012.0 Clouds          -28800
    -42    -125    15.4    88.0     5.4   358.0  1014.0 Clouds          -28800
    -38    -125    18.4    76.0     5.0     6.0  1015.0 Clouds          -28800
    -34    -125    21.6    72.0     6.7   359.0  1015.0 Clouds          -28800
    -30    -125    22.8    71.0     0.8    21.0  1016.0 Clouds          -28800
    -26    -125    24.9    80.0     1.9   267.0  1016.0 Clouds          -28800
    -22    -125    25.2    81.0     7.0   312.0  1017.0 Rain            -28800
    -18    -125    25.5    70.0     3.0    58.0  1018.0 Clear           -28800
    -14    -125    26.1    68.0     5.7    92.0  1017.0 Clear           -28800
    -10    -125    26.0    72.0     5.5    52.0  1016.0 Clouds          -28800
     -6    -125    25.9    72.0     6.4   123.0  1015.0 Clouds          -28800
     -2    -125    24.4    86.0     5.7   104.0  1015.0 Rain            -28800
      2    -125    24.6    86.0     3.8   128.0  1015.0 Clouds          -28800
      6    -125    25.7    82.0     3.4   137.0  1015.0 Clear           -28800
     10    -125    25.8    85.0     5.8    93.0  1016.0 Rain            -28800
     14    -125    24.9    85.0     6.1    69.0  1017.0 Clouds          -28800
     18    -125    23.3    75.0     3.9    64.0  1019.0 Clouds          -28800
     22    -125    19.7    77.0     4.0    27.0  1021.0 Clouds          -28800
     26    -125    18.2    72.0     2.4    72.0  1022.0 Clear           -28800
     30    -125    16.9    67.0     1.6    66.0  1022.0 Clear           -28800
     34    -125    15.2    70.0     1.3   180.0  1022.0 Clouds          -28800
     38    -125    13.6    71.0     3.5   211.0  1022.0 Clouds          -28800
     42    -125    12.3    85.0     7.0   154.0  1021.0 Clouds          -28800
     46    -125    11.4    84.0    11.4   164.0  1018.0 Clouds          -28800
     50    -125     8.1    97.0     4.3   135.0  1019.0 Rain            -28800
     54    -125    -0.6    97.0     2.0    89.0  1020.0 Clouds          -28800
     58    -125    -9.6    99.0     2.0   213.0  1021.0 Clouds          -28800
     62    -125   -13.8    99.0     3.5   228.0  1021.0 Clouds          -25200
     66    -125   -23.7   100.0     3.5   138.0  1023.0 Clouds          -25200
     70    -125   -20.4    91.0     3.9   116.0  1022.0 Clouds          -25200
     74    -125   -16.6    97.0     3.8    42.0  1025.0 Clouds          -25200
     78    -125   -33.2   100.0     3.6   307.0  1027.0 Clouds          -28800
     82    -125   -26.6    97.0     6.4   313.0  1024.0 Clouds          -28800
     86    -125   -20.1    96.0     4.9   344.0  1024.0 Clouds          -28800
     90    -125   -23.9   100.0     0.0    90.0  1024.0 Clouds          0

    -90    -120   -31.9    81.0     0.0   102.0  1003.0 Clear           46800
    -86    -120   -27.4    72.0     0.6   243.0   997.0 Clear           -28800
    -82    -120    -7.3    93.0     2.5   280.0   987.0 Clouds          -28800
    -78    -120   -10.5    88.0     1.8   274.0   988.0 Clouds          -28800
    -74    -120    -3.8    92.0     2.5   114.0   991.0 Clouds          -28800
    -70    -120    -0.8    99.0     5.4   313.0   989.0 Snow            -28800
    -66    -120     0.5    98.0     6.5   329.0   997.0 Clouds          -28800
    -62    -120     3.6    91.0     8.6   357.0  1004.0 Clouds          -28800
    -58    -120     5.5    92.0    12.2   358.0  1009.0 Clouds          -28800
    -54    -120     7.2    84.0    10.5     5.0  1013.0 Clouds          -28800
    -50    -120     8.6    77.0     6.8    11.0  1016.0 Clouds          -28800
    -46    -120    10.8    66.0     4.3    29.0  1017.0 Clouds          -28800
    -42    -120    15.3    88.0     6.1    18.0  1017.0 Rain            -28800
    -38    -120    18.7    74.0     5.5   331.0  1017.0 Rain            -28800
    -34    -120    21.0    69.0     3.8    37.0  1017.0 Clouds          -28800
    -30    -120    24.5    82.0     5.4   353.0  1016.0 Rain            -28800
    -26    -120    25.1    80.0     9.9   339.0  1018.0 Rain            -28800
    -22    -120    25.6    70.0     5.3     9.0  1019.0 Rain            -28800
    -18    -120    25.5    70.0     5.2    75.0  1019.0 Clouds          -28800
    -14    -120    25.8    73.0     5.5    91.0  1018.0 Clouds          -28800
    -10    -120    25.3    71.0     6.4    59.0  1017.0 Clouds          -28800
     -6    -120    25.4    73.0     5.5   118.0  1016.0 Clear           -28800
     -2    -120    25.4    79.0     5.8   100.0  1015.0 Clear           -28800
      2    -120    25.1    85.0     5.4   111.0  1015.0 Clear           -28800
      6    -120    26.3    82.0     7.3   102.0  1015.0 Clear           -28800
     10    -120    26.1    83.0     7.2    80.0  1016.0 Rain            -28800
     14    -120    25.1    78.0     5.2    34.0  1017.0 Clouds          -28800
     18    -120    22.9    74.0     4.9    47.0  1018.0 Clouds          -28800
     22    -120    20.7    68.0     5.9    30.0  1020.0 Clouds          -28800
     26    -120    18.8    65.0     4.2    20.0  1021.0 Clear           -28800
     30    -120    17.7    76.0     3.0     9.0  1020.0 Clear           -28800
     34    -120    17.3    73.0     0.4   124.0  1020.0 Clear           -28800
     38    -120    14.1    37.0     1.5   198.0  1024.0 Clouds          -28800
     42    -120     6.4    45.0     3.9   199.0  1024.0 Clouds          -28800
     46    -120     6.0    91.0     2.4    62.0  1025.0 Clouds          -28800
     50    -120     0.3    93.0     2.5   131.0  1025.0 Clouds          -28800
     54    -120    -3.5    90.0     2.4   214.0  1022.0 Clouds          -25200
     58    -120   -10.4    87.0     2.6   209.0  1024.0 Clouds          -25200
     62    -120   -19.5    98.0     2.9   131.0  1025.0 Clouds          -25200
     66    -120   -21.1   100.0     5.3   130.0  1026.0 Clouds          -25200
     70    -120   -24.0    92.0     4.6   118.0  1024.0 Clouds          -25200
     74    -120   -21.5    99.0     2.3    32.0  1025.0 Clouds          -25200
     78    -120   -33.5    99.0     3.7   299.0  1026.0 Clouds          -28800
     82    -120   -24.9    97.0     6.5   319.0  1022.0 Clouds          -28800
     86    -120   -22.5    99.0     3.6   350.0  1023.0 Clouds          -28800
     90    -120   -23.9   100.0     0.0    90.0  1024.0 Clouds          0

    -90    -115   -31.9    81.0     0.0   102.0  1003.0 Clear           46800
    -86    -115   -27.2    78.0     3.0   187.0   998.0 Clear           -28800
    -82    -115   -10.9    95.0     2.4   286.0   987.0 Clouds          -28800
    -78    -115    -9.9    89.0     2.3   232.0   988.0 Clouds          -28800
    -74    -115    -2.4    73.0     1.9    52.0   992.0 Clouds          -28800
    -70    -115    -0.5    99.0     3.8   324.0   990.0 Snow            -28800
    -66    -115     1.0    98.0     7.8   312.0   999.0 Clouds          -28800
    -62    -115     3.7    91.0     8.8   312.0  1008.0 Clouds          -28800
    -58    -115     5.3    85.0     7.5   338.0  1014.0 Clear           -28800
    -54    -115     7.6    64.0     3.8     9.0  1017.0 Clear           -28800
    -50    -115     8.7    78.0     4.0   147.0  1016.0 Clear           -28800
    -46    -115    11.0    78.0     5.2   188.0  1016.0 Clouds          -28800
    -42    -115    13.8    68.0     4.1   238.0  1019.0 Clouds          -28800
    -38    -115    18.5    78.0     3.2    41.0  1019.0 Clouds          -28800
    -34    -115    21.6    86.0     4.8    93.0  1018.0 Clouds          -28800
    -30    -115    24.2    86.0     9.5   350.0  1020.0 Clear           -28800
    -26    -115    24.9    71.0     7.9    22.0  1021.0 Clouds          -28800
    -22    -115    25.1    70.0     5.2    55.0  1021.0 Clear           -28800
    -18    -115    24.7    74.0     4.8    96.0  1020.0 Clouds          -28800
    -14    -115    25.3    77.0     5.5    86.0  1018.0 Clouds          -28800
    -10    -115    25.1    68.0     5.0    68.0  1018.0 Clouds          -28800
     -6    -115    25.6    67.0     4.2    93.0  1016.0 Clouds          -28800
     -2    -115    25.6    75.0     4.4   136.0  1015.0 Clear           -28800
      2    -115    24.9    85.0     5.2   105.0  1015.0 Clear           -28800
      6    -115    26.0    80.0     4.9   107.0  1015.0 Clouds          -28800
     10    -115    26.2    79.0     7.0    82.0  1015.0 Clouds          -28800
     14    -115    25.6    69.0     5.7    56.0  1016.0 Clouds          -28800
     18    -115    23.9    64.0     5.2    40.0  1017.0 Clouds          -25200
     22    -115    21.4    69.0     4.7   360.0  1018.0 Clouds          -28800
     26    -115    19.2    73.0     4.0   343.0  1018.0 Clouds          -25200
     30    -115    23.3    12.0     9.2    31.0  1019.0 Clear           -28800
     34    -115    19.7    20.0     2.7   336.0  1023.0 Clear           -28800
     38    -115    10.6    34.0     1.4    15.0  1026.0 Clouds          -28800
     42    -115     0.7    56.0     3.0   201.0  1027.0 Clouds          -25200
     46    -115     3.0    75.0     0.9   124.0  1027.0 Clouds          -28800
     50    -115     2.8    60.0     2.1   246.0  1024.0 Clouds          -25200
     54    -115     4.3    74.0     3.7   270.0  1018.0 Clear           -25200
     58    -115   -10.9    88.0     2.7   298.0  1024.0 Clouds          -25200
     62    -115   -19.5    97.0     2.9   100.0  1027.0 Clouds          -25200
     66    -115   -30.6   100.0     2.2   150.0  1032.0 Clouds          -25200
     70    -115   -23.7    99.0     3.6   172.0  1027.0 Clouds          -25200
     74    -115   -21.4    93.0     2.8   315.0  1025.0 Clouds          -25200
     78    -115   -33.9    99.0     3.9   292.0  1024.0 Clouds          -25200
     82    -115   -22.4    96.0     6.1   337.0  1020.0 Clouds          -28800
     86    -115   -26.0   100.0     3.3   355.0  1023.0 Clouds          -28800
     90    -115   -23.9   100.0     0.0    90.0  1024.0 Clouds          0

    -90    -110   -31.9    81.0     0.0   102.0  1003.0 Clear           46800
    -86    -110   -26.4    74.0     4.1   166.0   996.0 Clear           -25200
    -82    -110   -16.6    98.0     3.2   324.0   990.0 Clouds          -25200
    -78    -110   -13.6    86.0     0.9   263.0   992.0 Clouds          -25200
    -74    -110    -5.0    71.0     0.8   108.0   992.0 Clouds          -25200
    -70    -110    -0.1    99.0     4.7   321.0   992.0 Clouds          -25200
    -66    -110     2.0    95.0     8.0   303.0  1000.0 Clouds          -25200
    -62    -110     3.9    93.0     9.2   285.0  1009.0 Clouds          -25200
    -58    -110     5.8    85.0     5.8   284.0  1016.0 Clouds          -25200
    -54    -110     7.1    67.0     4.1   114.0  1017.0 Clear           -25200
    -50    -110     8.3    79.0    12.7   146.0  1011.0 Clouds          -25200
    -46    -110    11.0    91.0    15.5   212.0  1005.0 Clouds          -25200
    -42    -110    14.7    75.0    12.7   246.0  1016.0 Clear           -25200
    -38    -110    18.5    76.0     3.8   230.0  1020.0 Clouds          -25200
    -34    -110    22.8    91.0     7.3   334.0  1022.0 Clouds          -25200
    -30    -110    24.1    82.0     6.9   358.0  1024.0 Clear           -25200
    -26    -110    24.2    72.0     5.5    61.0  1024.0 Rain            -18000
    -22    -110    24.3    68.0     6.6    74.0  1022.0 Clouds          -25200
    -18    -110    24.1    73.0     6.5    91.0  1020.0 Clouds          -25200
    -14    -110    24.9    70.0     4.5   104.0  1019.0 Clouds          -25200
    -10    -110    24.9    81.0     7.3   115.0  1017.0 Clouds          -25200
     -6    -110    25.5    67.0     2.4   115.0  1016.0 Clear           -25200
     -2    -110    24.0    85.0     4.8   134.0  1016.0 Clouds          -25200
      2    -110    25.5    80.0     4.0   140.0  1015.0 Clouds          -25200
      6    -110    26.3    79.0     5.2    94.0  1015.0 Clear           -25200
     10    -110    26.6    76.0     4.8    58.0  1015.0 Clouds          -25200
     14    -110    25.5    69.0     4.2    23.0  1016.0 Clear           -25200
     18    -110    24.4    67.0     4.9    19.0  1016.0 Clouds          -25200
     22    -110    23.9    60.0     1.9    62.0  1016.0 Clouds          -25200
     26    -110    19.6    75.0     6.9   326.0  1016.0 Clouds          -25200
     30    -110    17.4    20.0     2.8    53.0  1020.0 Clear           -25200
     34    -110    11.7    31.0     2.9   355.0  1022.0 Clear           -25200
     38    -110     6.2    37.0     1.6     7.0  1027.0 Clouds          -25200
     42    -110     5.7    47.0     0.5   324.0  1027.0 Clouds          -25200
     46    -110    10.4    33.0     2.8   255.0  1021.0 Clear           -25200
     50    -110    10.0    51.0     6.8   280.0  1018.0 Clear           -21600
     54    -110    -1.2    89.0     6.0   316.0  1015.0 Clouds          -21600
     58    -110   -10.5    94.0     5.2   327.0  1019.0 Clouds          -21600
     62    -110   -22.2    94.0     3.4    62.0  1027.0 Clear           -25200
     66    -110   -30.1   100.0     1.2   214.0  1032.0 Clear           -25200
     70    -110   -29.2   100.0     2.2   200.0  1028.0 Clouds          -25200
     74    -110   -24.6    94.0     1.1   230.0  1025.0 Clouds          -25200
     78    -110   -34.0    99.0     4.8   299.0  1022.0 Clouds          -25200
     82    -110   -23.8    98.0     4.3     0.0  1019.0 Clouds          -25200
     86    -110   -28.7   100.0     3.3     3.0  1022.0 Clouds          -25200
     90    -110   -23.9   100.0     0.0    90.0  1024.0 Clouds          0

    -90    -105   -31.9    81.0     0.0   102.0  1003.0 Clear           46800
    -86    -105   -26.7    74.0     5.1   186.0   995.0 Clear           -25200
    -82    -105   -21.0   100.0     2.8   277.0   992.0 Clouds          -25200
    -78    -105   -15.0    85.0     3.6   191.0   992.0 Clouds          -25200
    -74    -105    -3.8    65.0     3.5   184.0   991.0 Clouds          -25200
    -70    -105    -0.8    78.0     3.3   277.0   993.0 Clouds          -25200
    -66    -105     1.3    98.0     9.0   272.0   999.0 Clouds          -25200
    -62    -105     3.7    96.0     9.7   272.0  1008.0 Clouds          -25200
    -58    -105     5.8    88.0     6.7   265.0  1016.0 Clouds          -25200
    -54    -105     7.3    69.0     6.8   122.0  1016.0 Clouds          -25200
    -50    -105     8.9    93.0    15.7   136.0  1003.0 Rain            -25200
    -46    -105    13.6    95.0    10.5   310.0   998.0 Clouds          -25200
    -42    -105    15.4    80.0    15.4   275.0  1013.0 Clouds          -25200
    -38    -105    20.4    90.0     6.7   263.0  1020.0 Clouds          -25200
    -34    -105    22.9    92.0     8.2   321.0  1025.0 Clear           -25200
    -30    -105    23.8    72.0     4.5     6.0  1027.0 Clear           -25200
    -26    -105    23.9    72.0     7.0    84.0  1025.0 Rain            -18000
    -22    -105    24.0    74.0     7.5    85.0  1023.0 Clouds          -25200
    -18    -105    23.6    73.0     8.2    97.0  1021.0 Rain            -25200
    -14    -105    23.9    75.0     5.4   111.0  1019.0 Clouds          -25200
    -10    -105    24.3    77.0     7.8   137.0  1017.0 Clouds          -25200
     -6    -105    24.9    82.0     6.7   121.0  1016.0 Rain            -25200
     -2    -105    24.8    76.0     3.8   148.0  1016.0 Clear           -25200
      2    -105    25.2    80.0     3.0   134.0  1015.0 Clear           -25200
      6    -105    26.3    79.0     5.2    77.0  1015.0 Clear           -25200
     10    -105    26.2    75.0     3.3    87.0  1015.0 Clouds          -25200
     14    -105    25.7    70.0     2.7   275.0  1015.0 Clouds          -25200
     18    -105    25.8    72.0     3.6   154.0  1015.0 Clouds          -25200
     22    -105    34.5    13.0     1.6   216.0  1013.0 Clouds          -25200
     26    -105    11.1    34.0     3.9   101.0  1024.0 Clouds          -21600
     30    -105    13.3    27.0     4.3   143.0  1025.0 Clear           -21600
     34    -105     6.7    59.0     3.9   188.0  1026.0 Clear           -25200
     38    -105     8.2    48.0     3.4   331.0  1021.0 Clear           -25200
     42    -105    12.7    24.0     7.2   300.0  1020.0 Clear           -25200
     46    -105     7.8    62.0     9.9   293.0  1016.0 Clouds          -25200
     50    -105     1.8    92.0     9.8   298.0  1011.0 Clouds          -21600
     54    -105    -5.5    93.0     3.0   327.0  1010.0 Snow            -21600
     58    -105   -10.7    93.0     5.3     7.0  1015.0 Snow            -21600
     62    -105   -24.7    98.0     6.0    16.0  1026.0 Clouds          -25200
     66    -105   -29.0   100.0     2.6   315.0  1030.0 Clouds          -25200
     70    -105   -28.9    90.0     2.0   272.0  1027.0 Clouds          -25200
     74    -105   -21.0   100.0     3.4   282.0  1025.0 Clouds          -25200
     78    -105   -32.5   100.0     4.7   301.0  1021.0 Clouds          -25200
     82    -105   -30.0   100.0     3.4    12.0  1018.0 Clouds          -25200
     86    -105   -31.6   100.0     3.3     2.0  1022.0 Clouds          -25200
     90    -105   -23.9   100.0     0.0    90.0  1024.0 Clouds          0

    -90    -100   -31.9    81.0     0.0   102.0  1003.0 Clear           46800
    -86    -100   -23.8    68.0     7.2   211.0   994.0 Clear           -25200
    -82    -100   -20.9    95.0     4.5   242.0   992.0 Clear           -25200
    -78    -100   -16.3    83.0     4.1   187.0   991.0 Clear           -25200
    -74    -100    -6.0    77.0     4.3   197.0   990.0 Clouds          -25200
    -70    -100    -1.4    76.0     7.7   248.0   993.0 Clouds          -25200
    -66    -100     1.4    98.0     6.8   254.0   998.0 Clouds          -25200
    -62    -100     4.0    94.0    11.0   262.0  1006.0 Clouds          -25200
    -58    -100     6.1    89.0     8.3   260.0  1014.0 Clouds          -25200
    -54    -100     7.2    73.0     7.9   113.0  1015.0 Clouds          -25200
    -50    -100     9.7    98.0    10.4   122.0   998.0 Rain            -25200
    -46    -100    14.7    88.0    12.1   312.0  1003.0 Clouds          -25200
    -42    -100    17.1    91.0    12.3   300.0  1013.0 Clouds          -25200
    -38    -100    20.9    94.0    11.2   313.0  1021.0 Clouds          -25200
    -34    -100    23.0    91.0     6.1   307.0  1027.0 Clouds          -25200
    -30    -100    23.9    71.0     3.8    97.0  1027.0 Clouds          -25200
    -26    -100    24.0    65.0     7.1    86.0  1025.0 Clear           -25200
    -22    -100    23.4    75.0     9.7   101.0  1022.0 Clouds          -25200
    -18    -100    23.4    79.0     7.2   110.0  1020.0 Clouds          -25200
    -14    -100    23.5    78.0     5.7   126.0  1018.0 Clouds          -25200
    -10    -100    24.7    67.0     5.6   141.0  1016.0 Clear           -25200
     -6    -100    24.8    80.0     7.4   150.0  1015.0 Clouds          -25200
     -2    -100    24.9    77.0     3.6   193.0  1014.0 Clear           -25200
      2    -100    25.6    79.0     4.0   244.0  1013.0 Clouds          -25200
      6    -100    26.3    78.0     6.8    37.0  1013.0 Clear           -25200
     10    -100    26.2    75.0    10.5    63.0  1013.0 Clear           -25200
     14    -100    26.9    75.0     4.5   182.0  1014.0 Rain            -25200
     18    -100    32.0    30.0     2.5    71.0  1012.0 Clouds          -21600
     22    -100    17.8    28.0     4.7   112.0  1025.0 Clouds          -21600
     26    -100    16.8    26.0     6.4   106.0  1028.0 Clear           -21600
     30    -100     8.2    42.0     4.1    70.0  1032.0 Clear           -21600
     34    -100    -3.3    35.0     2.0   119.0  1036.0 Clear           -21600
     38    -100    -4.3    47.0     9.2   193.0  1030.0 Clouds          -21600
     42    -100    -8.2    71.0     8.9   202.0  1026.0 Snow            -21600
     46    -100    -7.1    94.0     7.1   173.0  1020.0 Snow            -21600
     50    -100    -8.4    86.0     3.6   160.0  1012.0 Snow            -21600
     54    -100    -8.9    78.0     3.6   158.0  1011.0 Clouds          -21600
     58    -100    -8.8    94.0     4.2    12.0  1012.0 Snow            -21600
     62    -100   -20.4    98.0     6.3    11.0  1021.0 Snow            -21600
     66    -100   -26.9    99.0     3.8   340.0  1027.0 Clouds          -21600
     70    -100   -28.0   100.0     3.3   317.0  1026.0 Clouds          -25200
     74    -100   -30.6   100.0     3.3   256.0  1023.0 Clouds          -21600
     78    -100   -36.4   100.0     2.1   311.0  1019.0 Clouds          -21600
     82    -100   -31.6   100.0     2.9    13.0  1018.0 Clouds          -25200
     86    -100   -31.9   100.0     3.3     3.0  1022.0 Clouds          -25200
     90    -100   -23.9   100.0     0.0    90.0  1024.0 Clouds          0

    -90     -95   -31.9    81.0     0.0   102.0  1003.0 Clear           46800
    -86     -95   -22.9    72.0     6.4   204.0   994.0 Clear           -21600
    -82     -95   -20.6    92.0     5.5   230.0   991.0 Clear           -21600
    -78     -95   -16.5    83.0     4.9   197.0   990.0 Clear           -21600
    -74     -95    -9.7    76.0     2.9   210.0   988.0 Clear           -21600
    -70     -95    -1.3    85.0     7.1   246.0   991.0 Clouds          -21600
    -66     -95     1.0    92.0     6.0   254.0   996.0 Clouds          -21600
    -62     -95     4.5    94.0    11.4   261.0  1003.0 Clouds          -21600
    -58     -95     6.2    89.0    10.6   268.0  1013.0 Clouds          -21600
    -54     -95     7.7    69.0     5.5    81.0  1016.0 Clouds          -21600
    -50     -95    10.2    98.0    15.6    69.0  1001.0 Rain            -21600
    -46     -95    14.4    98.0    13.5   331.0  1006.0 Rain            -21600
    -42     -95    17.6    97.0    12.8   318.0  1016.0 Clouds          -21600
    -38     -95    20.9    95.0     8.0   301.0  1024.0 Clear           -21600
    -34     -95    23.1    87.0     4.9   270.0  1027.0 Clear           -21600
    -30     -95    22.9    65.0     2.9   107.0  1027.0 Clear           -21600
    -26     -95    23.4    75.0     7.4   111.0  1025.0 Clear           -21600
    -22     -95    22.9    78.0     8.7   115.0  1021.0 Clouds          -21600
    -18     -95    22.7    78.0     7.4   115.0  1018.0 Clouds          -21600
    -14     -95    23.5    75.0     7.2   122.0  1016.0 Clouds          -21600
    -10     -95    24.4    71.0     6.9   135.0  1015.0 Clouds          -21600
     -6     -95    25.2    77.0     7.2   149.0  1014.0 Clouds          -21600
     -2     -95    25.1    77.0     2.6   180.0  1013.0 Clear           -21600
      2     -95    25.6    82.0     5.0   227.0  1013.0 Rain            -21600
      6     -95    25.9    80.0     6.5    36.0  1012.0 Clouds          -21600
     10     -95    26.3    77.0     7.1    35.0  1013.0 Clouds          -21600
     14     -95    23.1    81.0    19.5    15.0  1015.0 Clear           -21600
     18     -95    17.8    91.0     6.3   295.0  1025.0 Clouds          -21600
     22     -95    20.7    56.0    11.8    10.0  1026.0 Clouds          -21600
     26     -95    14.2    69.0    11.4     7.0  1030.0 Clouds          -21600
     30     -95     7.1    47.0     2.2   293.0  1033.0 Clear           -21600
     34     -95    -3.0    39.0     2.1     0.0  1036.0 Clear           -21600
     38     -95    -7.8    56.0     3.7   275.0  1037.0 Clouds          -21600
     42     -95    -6.5    38.0     3.6   210.0  1034.0 Clear           -21600
     46     -95    -9.1    53.0     6.2   170.0  1030.0 Clear           -21600
     50     -95    -8.5    77.0     5.9   175.0  1023.0 Clouds          -21600
     54     -95    -9.1    75.0     4.7   202.0  1015.0 Clouds          -21600
     58     -95    -9.7    94.0     2.6   284.0  1011.0 Snow            -21600
     62     -95   -17.7    96.0     6.0    22.0  1017.0 Snow            -21600
     66     -95   -29.1   100.0     3.7   349.0  1024.0 Clouds          -21600
     70     -95   -27.8    91.0     3.5   349.0  1023.0 Clouds          -25200
     74     -95   -31.6   100.0     4.0   207.0  1022.0 Clouds          -21600
     78     -95   -36.3    99.0     3.4   288.0  1018.0 Clouds          -21600
     82     -95   -29.2   100.0     2.5     7.0  1017.0 Clouds          -21600
     86     -95   -31.5    99.0     3.3     4.0  1021.0 Clouds          -21600
     90     -95   -23.9   100.0     0.0    90.0  1024.0 Clouds          0

    -90     -90   -31.9    81.0     0.0   102.0  1003.0 Clear           46800
    -86     -90   -22.5    76.0     7.0   207.0   993.0 Clear           -21600
    -82     -90   -19.3    77.0     7.5   227.0   990.0 Clear           -21600
    -78     -90   -14.7    80.0     3.4   186.0   986.0 Clear           -21600
    -74     -90   -12.9    88.0     5.7   198.0   989.0 Clear           -21600
    -70     -90    -1.3    82.0     6.2   225.0   989.0 Clear           -21600
    -66     -90     1.1    84.0     9.3   255.0   995.0 Clouds          -21600
    -62     -90     3.6    94.0    10.0   259.0  1000.0 Clouds          -21600
    -58     -90     5.9    86.0    12.5   275.0  1011.0 Clouds          -21600
    -54     -90     7.4    69.0     2.2   322.0  1018.0 Clouds          -21600
    -50     -90     9.0    94.0    13.1    54.0  1014.0 Rain            -21600
    -46     -90    13.8    93.0    10.9     7.0  1015.0 Clouds          -21600
    -42     -90    17.1    94.0     6.4   344.0  1020.0 Clear           -21600
    -38     -90    20.2    93.0     6.1   257.0  1024.0 Clear           -21600
    -34     -90    22.6    88.0     6.4   255.0  1026.0 Clear           -21600
    -30     -90    22.7    77.0     5.2   140.0  1026.0 Clear           -21600
    -26     -90    22.9    83.0     9.1   127.0  1023.0 Clouds          -21600
    -22     -90    22.5    85.0     8.4   128.0  1020.0 Clouds          -21600
    -18     -90    22.6    77.0     6.7   118.0  1017.0 Clouds          -21600
    -14     -90    23.5    63.0     5.8   136.0  1016.0 Clouds          -21600
    -10     -90    25.3    63.0     4.4   138.0  1014.0 Clear           -21600
     -6     -90    25.6    70.0     5.8   173.0  1013.0 Clouds          -21600
     -2     -90    25.5    73.0     1.6   209.0  1013.0 Clouds          -21600
      2     -90    24.8    78.0     2.8   210.0  1013.0 Clouds          -21600
      6     -90    23.8    94.0     4.2   218.0  1012.0 Rain            -21600
     10     -90    25.5    83.0     7.0    67.0  1012.0 Clouds          -21600
     14     -90    27.0    33.0     6.3    58.0  1013.0 Clear           -21600
     18     -90    18.5    98.0     1.8   340.0  1021.0 Rain            -21600
     22     -90    20.2    59.0    13.3   357.0  1023.0 Clouds          -21600
     26     -90    11.9    77.0    15.4   346.0  1026.0 Rain            -21600
     30     -90     1.7    41.0    10.8   340.0  1029.0 Clear           -21600
     34     -90    -3.0    47.0     6.8   343.0  1032.0 Clouds          -21600
     38     -90    -6.8    59.0     7.7   320.0  1033.0 Clear           -21600
     42     -90    -4.1    50.0     3.6   360.0  1033.0 Clear           -21600
     46     -90    -7.0    73.0     0.0     0.0  1031.0 Clear           -21600
     50     -90    -7.8    78.0     4.0   217.0  1027.0 Clouds          -21600
     54     -90   -11.0    76.0     4.8   223.0  1019.0 Clouds          -21600
     58     -90   -11.5    92.0     4.9   250.0  1012.0 Clouds          -21600
     62     -90   -16.4    90.0     6.0    42.0  1014.0 Clouds          -21600
     66     -90   -25.9    94.0     2.2   315.0  1020.0 Clouds          -21600
     70     -90   -27.3    99.0     4.7   304.0  1021.0 Clouds          -25200
     74     -90   -27.6    99.0     8.6   293.0  1018.0 Clouds          -21600
     78     -90   -32.1    98.0     1.3   226.0  1016.0 Clouds          -21600
     82     -90   -32.0   100.0     1.0    69.0  1016.0 Clouds          -21600
     86     -90   -30.6    98.0     3.5     1.0  1021.0 Clouds          -21600
     90     -90   -23.9   100.0     0.0    90.0  1024.0 Clouds          0

    -90     -85   -31.9    81.0     0.0   102.0  1003.0 Clear           46800
    -86     -85   -21.0    75.0     7.3   195.0   991.0 Clear           -21600
    -82     -85   -17.2    71.0     7.2   223.0   988.0 Clear           -21600
    -78     -85    -7.5    79.0     0.3   328.0   985.0 Clear           -21600
    -74     -85   -10.2    82.0     7.2   179.0   986.0 Clear           -21600
    -70     -85    -0.8    82.0     8.8   211.0   986.0 Clouds          -21600
    -66     -85     0.8    81.0    11.0   246.0   992.0 Clouds          -21600
    -62     -85     3.6    82.0     8.0   259.0   999.0 Clouds          -21600
    -58     -85     6.1    84.0    12.1   274.0  1010.0 Clouds          -21600
    -54     -85     7.7    70.0     7.4   268.0  1019.0 Clouds          -21600
    -50     -85     9.9    78.0     6.1    11.0  1022.0 Clouds          -21600
    -46     -85    12.5    93.0     6.8    33.0  1022.0 Clouds          -21600
    -42     -85    16.2    83.0     1.6    22.0  1023.0 Clear           -21600
    -38     -85    19.8    95.0     4.3   191.0  1022.0 Clouds          -21600
    -34     -85    22.0    91.0     6.0   233.0  1024.0 Clear           -21600
    -30     -85    22.2    83.0     6.4   160.0  1024.0 Clear           -21600
    -26     -85    22.6    83.0     7.7   139.0  1021.0 Clear           -21600
    -22     -85    22.1    85.0     7.4   145.0  1018.0 Clear           -21600
    -18     -85    22.7    71.0     6.9   140.0  1016.0 Clouds          -21600
    -14     -85    24.0    69.0     6.2   151.0  1014.0 Clouds          -21600
    -10     -85    25.2    71.0     5.9   171.0  1013.0 Clouds          -21600
     -6     -85    25.9    75.0     1.6   118.0  1012.0 Clouds          -21600
     -2     -85    25.0    79.0     1.7   156.0  1012.0 Clouds          -21600
      2     -85    25.0    83.0     3.9   164.0  1012.0 Rain            -21600
      6     -85    27.7    69.0     2.9   284.0  1011.0 Rain            -21600
     10     -85    30.3    54.0     3.1    36.0  1011.0 Clouds          -21600
     14     -85    28.8    42.0     2.7    17.0  1014.0 Clouds          -21600
     18     -85    24.7    69.0    11.8   306.0  1017.0 Clear           -21600
     22     -85    23.6    64.0    14.2   322.0  1017.0 Clouds          -18000
     26     -85    15.4    74.0    16.9   317.0  1018.0 Clouds          -21600
     30     -85     4.2    35.0     8.6   322.0  1020.0 Clouds          -18000
     34     -85    -6.0    49.0     9.8   330.0  1021.0 Clouds          -18000
     38     -85    -7.7    58.0     4.1   332.0  1026.0 Clouds          -18000
     42     -85   -10.0    73.0     3.6   360.0  1029.0 Clouds          -18000
     46     -85    -8.3    74.0     2.5     3.0  1030.0 Clear           -18000
     50     -85    -8.3    82.0     2.9   246.0  1029.0 Clouds          -18000
     54     -85   -11.5    79.0     5.9   230.0  1021.0 Clouds          -18000
     58     -85   -12.7    90.0     5.1   231.0  1013.0 Clouds          -18000
     62     -85   -16.2    92.0     3.9    68.0  1013.0 Clouds          -18000
     66     -85   -27.0   100.0     0.9    40.0  1018.0 Clouds          -18000
     70     -85   -24.3   100.0     2.9   251.0  1017.0 Clouds          -18000
     74     -85   -27.3    94.0     8.0   266.0  1014.0 Clouds          -18000
     78     -85   -34.4   100.0     1.1   261.0  1016.0 Clouds          -18000
     82     -85   -34.8   100.0     1.6    85.0  1018.0 Clouds          -18000
     86     -85   -29.9    97.0     3.7   357.0  1020.0 Clouds          -21600
     90     -85   -23.9   100.0     0.0    90.0  1024.0 Clouds          0

    -90     -80   -31.9    81.0     0.0   102.0  1003.0 Clear           46800
    -86     -80   -21.1    77.0     5.8   186.0   990.0 Clear           -18000
    -82     -80   -14.0    67.0     8.2   209.0   985.0 Clear           -18000
    -78     -80    -8.4    85.0     1.3   298.0   985.0 Clouds          -18000
    -74     -80   -11.1    85.0     7.4   152.0   985.0 Clouds          -18000
    -70     -80    -0.5    92.0    10.0   208.0   981.0 Clouds          -18000
    -66     -80     0.8    85.0    10.5   253.0   989.0 Clouds          -18000
    -62     -80     3.8    73.0    11.2   266.0   998.0 Clouds          -18000
    -58     -80     5.8    78.0    11.6   266.0  1008.0 Clouds          -18000
    -54     -80     7.7    79.0     9.2   270.0  1019.0 Clear           -18000
    -50     -80     9.7    75.0     3.0   242.0  1023.0 Clouds          -18000
    -46     -80    11.9    70.0     5.2   131.0  1023.0 Clouds          -18000
    -42     -80    15.4    85.0     6.3   152.0  1022.0 Clouds          -18000
    -38     -80    19.1    88.0     7.4   226.0  1019.0 Clouds          -18000
    -34     -80    21.4    89.0     6.8   203.0  1021.0 Clouds          -10800
    -30     -80    21.3    90.0     7.5   173.0  1020.0 Clear           -18000
    -26     -80    21.2    85.0     8.2   159.0  1018.0 Clear           -10800
    -22     -80    21.9    81.0     7.2   145.0  1016.0 Clouds          -18000
    -18     -80    22.9    73.0     6.2   154.0  1014.0 Clouds          -18000
    -14     -80    23.6    76.0     6.2   172.0  1013.0 Clouds          -18000
    -10     -80    24.1    84.0     2.7   119.0  1012.0 Clouds          -18000
     -6     -80    33.4    37.0     5.9   228.0  1009.0 Clouds          -18000
     -2     -80    29.1    61.0     1.0   130.0  1011.0 Clouds          -18000
      2     -80    25.5    84.0     3.2   250.0  1011.0 Rain            -18000
      6     -80    26.1    80.0     5.5   345.0  1011.0 Clouds          -18000
     10     -80    26.7    72.0     7.8   345.0  1013.0 Clouds          -18000
     14     -80    26.2    75.0     7.5   326.0  1014.0 Clear           -18000
     18     -80    25.6    66.0    10.7   322.0  1015.0 Clouds          -18000
     22     -80    21.1    49.0     5.0   273.0  1014.0 Clear           -18000
     26     -80    16.1    74.0     3.6   270.0  1012.0 Rain            -18000
     30     -80    12.8    74.0    11.8   274.0  1008.0 Clouds          -18000
     34     -80    -5.0    94.0     7.1    29.0  1011.0 Snow            -18000
     38     -80    -7.8    44.0     3.1   340.0  1016.0 Clouds          -18000
     42     -80   -12.8    81.0     3.6   344.0  1026.0 Clouds          -18000
     46     -80   -10.9    76.0     3.7     3.0  1027.0 Clouds          -18000
     50     -80   -12.5    77.0     2.8   306.0  1028.0 Clear           -18000
     54     -80   -17.2    93.0     6.1   187.0  1023.0 Clouds          -18000
     58     -80   -16.9    88.0     6.3   202.0  1016.0 Clouds          -18000
     62     -80   -18.1    89.0     3.0   142.0  1014.0 Clouds          -18000
     66     -80   -27.1    98.0     1.3    15.0  1017.0 Clouds          -18000
     70     -80   -32.8    97.0     2.5   341.0  1015.0 Clouds          -18000
     74     -80   -27.1    96.0     7.7   263.0  1012.0 Clouds          -18000
     78     -80   -32.4    87.0     3.1   307.0  1013.0 Clouds          -18000
     82     -80   -32.3    96.0     0.7   119.0  1018.0 Clouds          -18000
     86     -80   -29.0    97.0     3.9   353.0  1020.0 Clouds          -18000
     90     -80   -23.9   100.0     0.0    90.0  1024.0 Clouds          0

    -90     -75   -31.9    81.0     0.0   102.0  1003.0 Clear           46800
    -86     -75   -19.2    73.0     5.4   173.0   989.0 Clear           -10800
    -82     -75   -12.2    73.0     5.3   194.0   983.0 Clear           -10800
    -78     -75   -10.9    83.0     4.0   250.0   985.0 Clouds          -10800
    -74     -75    -7.3    72.0     6.0   166.0   982.0 Clouds          -10800
    -70     -75    -1.4    89.0     3.8   313.0   980.0 Clouds          -10800
    -66     -75     1.1    80.0     9.2   267.0   987.0 Clouds          -18000
    -62     -75     3.9    71.0    12.1   255.0   996.0 Rain            -18000
    -58     -75     5.6    78.0    12.9   267.0  1006.0 Rain            -18000
    -54     -75     7.4    78.0    11.1   264.0  1017.0 Clear           -18000
    -50     -75    11.3    65.0     2.8   147.0  1021.0 Clouds          -10800
    -46     -75    18.2    53.0     4.8   204.0  1017.0 Clouds          -10800
    -42     -75    15.4    90.0    10.1   190.0  1017.0 Clouds          -18000
    -38     -75    18.4    92.0     7.6   210.0  1015.0 Clouds          -18000
    -34     -75    19.6    89.0     9.5   205.0  1015.0 Clouds          -18000
    -30     -75    19.9    88.0     9.0   197.0  1016.0 Clouds          -18000
    -26     -75    21.1    79.0     8.2   178.0  1015.0 Clouds          -18000
    -22     -75    22.7    70.0     6.2   165.0  1014.0 Clear           -18000
    -18     -75    23.7    69.0     5.1   154.0  1012.0 Clouds          -18000
    -14     -75    16.2    97.0     2.8   206.0  1017.0 Rain            -18000
    -10     -75    34.2    44.0     1.7     6.0  1005.0 Rain            -18000
     -6     -75    26.9    80.0     1.1    38.0  1009.0 Clouds          -18000
     -2     -75    27.8    85.0     1.0    46.0  1009.0 Clouds          -18000
      2     -75    28.7    70.0     0.7   182.0  1010.0 Clouds          -18000
      6     -75    25.0    73.0     1.9   106.0  1010.0 Clouds          -18000
     10     -75    30.5    54.0     2.0   337.0  1008.0 Rain            -18000
     14     -75    26.4    80.0     4.0    55.0  1011.0 Rain            -18000
     18     -75    26.4    76.0     4.0   197.0  1013.0 Clouds          -18000
     22     -75    25.1    80.0     9.5   281.0  1011.0 Rain            -18000
     26     -75    23.1    62.0    11.5   288.0  1009.0 Clouds          -18000
     30     -75    17.0    80.0    13.4   262.0  1006.0 Clouds          -18000
     34     -75    14.6    86.0    11.2    79.0  1001.0 Rain            -18000
     38     -75    -4.0    69.0    10.2    18.0  1017.0 Clouds          -18000
     42     -75   -10.4    64.0     4.1   347.0  1020.0 Clouds          -18000
     46     -75   -13.9    78.0     3.3   336.0  1022.0 Clouds          -18000
     50     -75   -13.9    83.0     3.8   333.0  1024.0 Clouds          -18000
     54     -75   -16.4    80.0     2.3   279.0  1024.0 Clouds          -18000
     58     -75   -19.5    86.0     3.6   222.0  1020.0 Clouds          -18000
     62     -75   -20.8    93.0     1.5   219.0  1016.0 Clouds          -18000
     66     -75   -29.8    99.0     2.5   309.0  1016.0 Clouds          -18000
     70     -75   -32.4    82.0     0.8    70.0  1015.0 Clouds          -18000
     74     -75   -25.1    99.0     5.5   288.0  1011.0 Clouds          -18000
     78     -75   -18.3   100.0    13.5    18.0  1009.0 Clouds          -18000
     82     -75   -32.6    96.0     0.8    71.0  1013.0 Clouds          -18000
     86     -75   -28.1    97.0     4.3   351.0  1019.0 Clouds          -18000
     90     -75   -23.9   100.0     0.0    90.0  1024.0 Clouds          0

    -90     -70   -31.9    81.0     0.0   102.0  1003.0 Clear           46800
    -86     -70   -19.5    70.0     4.4   134.0   988.0 Clear           -10800
    -82     -70   -14.1    80.0     3.7   196.0   983.0 Clear           -10800
    -78     -70   -10.8    81.0     5.2   222.0   984.0 Clouds          -10800
    -74     -70   -10.4    79.0     3.8   162.0   982.0 Clouds          -10800
    -70     -70    -1.4    95.0     2.8   191.0   981.0 Snow            -10800
    -66     -70     1.3    79.0     7.2   273.0   987.0 Clouds          -18000
    -62     -70     2.9    77.0     9.7   248.0   994.0 Clouds          -18000
    -58     -70     5.4    76.0    12.5   258.0  1004.0 Clouds          -10800
    -54     -70     9.5    58.0     9.8   244.0  1013.0 Rain            -10800
    -50     -70    13.6    36.0     4.5   203.0  1016.0 Clouds          -10800
    -46     -70    29.3    16.0     6.1   239.0  1007.0 Clouds          -10800
    -42     -70    30.6    24.0     4.8   233.0  1006.0 Clouds          -10800
    -38     -70    26.3    31.0     0.9    42.0  1007.0 Clouds          -10800
    -34     -70    10.1    69.0     2.3   207.0  1015.0 Rain            -10800
    -30     -70    13.2    28.0     5.4   272.0  1013.0 Clear           -10800
    -26     -70    27.0    30.0     6.5   261.0  1011.0 Clear           -10800
    -22     -70    22.1    31.0     5.3   285.0  1011.0 Clear           -10800
    -18     -70    16.7    70.0     3.0   246.0  1015.0 Clouds          -18000
    -14     -70    11.6    85.0     2.6    21.0  1016.0 Clouds          -18000
    -10     -70    25.6    95.0     1.4   340.0  1007.0 Clouds          -18000
     -6     -70    27.4    88.0     1.7   336.0  1008.0 Clouds          -18000
     -2     -70    25.8    96.0     0.5    13.0  1009.0 Rain            -18000
      2     -70    26.7    76.0     1.2   262.0  1009.0 Clouds          -18000
      6     -70    31.7    51.0     2.6   337.0  1008.0 Clouds          -18000
     10     -70    28.6    47.0     1.8   238.0  1008.0 Rain            -14400
     14     -70    27.5    82.0     6.3   101.0  1011.0 Clouds          -14400
     18     -70    26.5    76.0     3.8   204.0  1012.0 Rain            -14400
     22     -70    26.3    79.0     9.2   205.0  1011.0 Clouds          -18000
     26     -70    23.9    90.0    15.8   221.0  1007.0 Clouds          -18000
     30     -70    19.5    86.0     4.0   240.0  1004.0 Clouds          -18000
     34     -70    15.9    89.0    11.5   146.0  1004.0 Rain            -18000
     38     -70     4.2    87.0     7.2    25.0  1015.0 Clouds          -18000
     42     -70    -6.3    73.0     2.1   330.0  1018.0 Clouds          -18000
     46     -70   -13.9    90.0     4.2   282.0  1019.0 Clouds          -18000
     50     -70    -9.8    84.0     3.2   321.0  1017.0 Clouds          -18000
     54     -70   -18.5    90.0     4.4   314.0  1021.0 Clouds          -18000
     58     -70   -20.2    86.0     4.2   282.0  1019.0 Clouds          -18000
     62     -70   -13.2    94.0     7.0   305.0  1013.0 Clouds          -18000
     66     -70   -34.2   100.0     2.7   231.0  1016.0 Clouds          -18000
     70     -70   -30.3   100.0     1.6   236.0  1015.0 Clouds          -18000
     74     -70   -19.5    96.0     6.3   278.0  1009.0 Clouds          -18000
     78     -70   -29.5    87.0     4.9    10.0  1008.0 Clouds          -14400
     82     -70   -29.0    84.0     2.0   359.0  1015.0 Clouds          -18000
     86     -70   -27.0    97.0     4.8   350.0  1018.0 Clouds          -18000
     90     -70   -23.9   100.0     0.0    90.0  1024.0 Clouds          0

    -90     -65   -31.9    81.0     0.0   102.0  1003.0 Clear           46800
    -86     -65   -21.0    71.0    10.0   121.0   988.0 Clear           -10800
    -82     -65   -15.6    87.0     1.9   192.0   982.0 Clouds          -10800
    -78     -65    -9.3    82.0     4.6   216.0   982.0 Clouds          -10800
    -74     -65   -13.3    86.0     6.3   202.0   980.0 Clouds          -10800
    -70     -65   -14.6    92.0     6.3   275.0   981.0 Clouds          -10800
    -66     -65    -1.1    86.0     3.2   282.0   986.0 Snow            -10800
    -62     -65     2.5    88.0    11.1   246.0   991.0 Clouds          -14400
    -58     -65     5.3    81.0    12.9   266.0  1001.0 Rain            -14400
    -54     -65     6.3    86.0     2.0    59.0  1011.0 Rain            -10800
    -50     -65    10.3    71.0    14.5   204.0  1015.0 Clouds          -14400
    -46     -65    14.6    86.0    14.9   177.0  1010.0 Clear           -14400
    -42     -65    24.8    59.0     6.3    74.0  1005.0 Clouds          -10800
    -38     -65    35.8    17.0     2.2   245.0  1005.0 Clear           -10800
    -34     -65    29.9    29.0     3.3    70.0  1006.0 Clouds          -10800
    -30     -65    35.8    22.0     5.8    28.0  1002.0 Clouds          -10800
    -26     -65    25.5    65.0     2.3    31.0  1006.0 Clouds          -10800
    -22     -65    10.4    92.0     4.0    82.0  1010.0 Clouds          -14400
    -18     -65    27.2    38.0     5.5   104.0  1003.0 Clouds          -14400
    -14     -65    32.4    57.0     2.9   320.0  1005.0 Clouds          -14400
    -10     -65    32.2    58.0     1.1     4.0  1006.0 Clouds          -14400
     -6     -65    24.7    96.0     0.9   323.0  1008.0 Clouds          -14400
     -2     -65    29.7    67.0     1.5   265.0  1008.0 Rain            -14400
      2     -65    27.6    92.0     0.5    21.0  1008.0 Rain            -14400
      6     -65    29.3    68.0     2.0    37.0  1010.0 Clouds          -14400
     10     -65    27.9    61.0     5.0    31.0  1009.0 Clouds          -14400
     14     -65    26.7    85.0     9.3   116.0  1012.0 Rain            -14400
     18     -65    26.6    80.0     8.9   128.0  1013.0 Rain            -14400
     22     -65    25.8    82.0    10.6   159.0  1013.0 Clouds          -14400
     26     -65    24.4    83.0    12.4   170.0  1012.0 Rain            -14400
     30     -65    19.9    86.0    12.2   133.0  1010.0 Rain            -14400
     34     -65    15.6    82.0    13.5   141.0  1012.0 Rain            -14400
     38     -65     9.0    60.0     2.6    60.0  1016.0 Clouds          -14400
     42     -65    -0.4    81.0     4.2   282.0  1017.0 Clouds          -14400
     46     -65    -6.1    79.0     3.7   257.0  1014.0 Clouds          -14400
     50     -65    -4.7    67.0     8.8   292.0  1011.0 Clouds          -18000
     54     -65   -16.5    84.0     6.7   323.0  1015.0 Clouds          -14400
     58     -65   -25.6   100.0     1.4   293.0  1018.0 Clouds          -18000
     62     -65   -16.0    93.0     2.1   277.0  1012.0 Clouds          -18000
     66     -65   -27.1    88.0     0.5    71.0  1014.0 Clouds          -18000
     70     -65   -29.1    98.0     3.7   309.0  1011.0 Clouds          -14400
     74     -65   -21.9    99.0     3.6   260.0  1007.0 Clouds          -14400
     78     -65   -27.8    92.0     3.8   142.0  1006.0 Clouds          -7200
     82     -65   -32.4    98.0     3.6     8.0  1015.0 Clouds          -18000
     86     -65   -25.7    97.0     5.3   351.0  1017.0 Clouds          -14400
     90     -65   -23.9   100.0     0.0    90.0  1024.0 Clouds          0

    -90     -60   -31.9    81.0     0.0   102.0  1003.0 Clear           46800
    -86     -60   -23.4    78.0     8.4   130.0   989.0 Clear           -10800
    -82     -60   -15.8    87.0     1.0   209.0   982.0 Clouds          -10800
    -78     -60    -7.5    81.0     4.8   204.0   980.0 Clouds          -10800
    -74     -60    -5.5    90.0    13.1   203.0   980.0 Clouds          -10800
    -70     -60    -1.4    78.0     1.8   141.0   979.0 Clouds          -10800
    -66     -60     1.7    83.0     6.0   302.0   982.0 Clouds          -10800
    -62     -60     2.2    93.0     8.9   299.0   990.0 Clouds          -10800
    -58     -60     4.9    88.0     9.5   278.0  1000.0 Clouds          -14400
    -54     -60     7.2    84.0     8.3   236.0  1008.0 Clouds          -10800
    -50     -60    11.2    88.0    14.2   203.0  1008.0 Clouds          -10800
    -46     -60    13.9    99.0     9.3   347.0  1007.0 Rain            -14400
    -42     -60    18.3    93.0     8.8    22.0  1010.0 Clouds          -14400
    -38     -60    33.9    20.0     2.4   348.0  1006.0 Clear           -10800
    -34     -60    32.0    31.0     3.3   151.0  1006.0 Clouds          -10800
    -30     -60    34.7    25.0     1.6   148.0  1004.0 Clouds          -10800
    -26     -60    35.9    25.0     2.5   125.0  1003.0 Clear           -10800
    -22     -60    34.9    40.0     3.4   126.0  1001.0 Clouds          -10800
    -18     -60    32.9    45.0     2.9   332.0  1004.0 Clouds          -14400
    -14     -60    29.6    62.0     1.1   300.0  1006.0 Clouds          -14400
    -10     -60    28.3    75.0     1.7   289.0  1007.0 Clouds          -14400
     -6     -60    28.2    86.0     0.7   317.0  1007.0 Clouds          -14400
     -2     -60    28.7    88.0     1.0    77.0  1007.0 Clouds          -14400
      2     -60    30.3    54.0     2.8     4.0  1008.0 Clouds          -14400
      6     -60    26.4    90.0     1.6    94.0  1011.0 Clouds          -14400
     10     -60    26.9    80.0     7.3    90.0  1012.0 Clouds          -14400
     14     -60    26.5    78.0     9.4    88.0  1014.0 Clouds          -14400
     18     -60    25.9    71.0     9.1   116.0  1015.0 Clear           -14400
     22     -60    25.5    74.0     8.2   146.0  1016.0 Clear           -14400
     26     -60    24.5    76.0    10.1   142.0  1016.0 Clouds          -14400
     30     -60    20.2    75.0     8.3   123.0  1017.0 Clouds          -14400
     34     -60    16.7    58.0     4.0   146.0  1019.0 Clouds          -14400
     38     -60    12.6    58.0     7.1   283.0  1018.0 Clouds          -14400
     42     -60     4.4    67.0    10.7   282.0  1017.0 Clouds          -14400
     46     -60    -4.0    76.0     9.8   290.0  1011.0 Clouds          -14400
     50     -60    -3.7    81.0     7.0   295.0  1005.0 Clouds          -14400
     54     -60    -7.2    86.0     6.9   340.0  1004.0 Clouds          -14400
     58     -60    -5.4    93.0    13.3   334.0  1006.0 Snow            -14400
     62     -60    -5.5    75.0     7.5   338.0  1008.0 Clouds          -14400
     66     -60   -18.0   100.0     8.0   349.0  1010.0 Clouds          -14400
     70     -60   -13.7   100.0     7.8   318.0  1007.0 Clouds          -14400
     74     -60   -19.3   100.0     3.6   299.0  1007.0 Clouds          -14400
     78     -60   -30.1    92.0     5.9   184.0  1007.0 Clouds          -7200
     82     -60   -32.2   100.0     3.4    49.0  1015.0 Clouds          -7200
     86     -60   -24.5    97.0     5.5   350.0  1016.0 Clouds          -14400
     90     -60   -23.9   100.0     0.0    90.0  1024.0 Clouds          0

    -90     -55   -31.9    81.0     0.0   102.0  1003.0 Clear           46800
    -86     -55   -23.8    81.0     6.5   138.0   990.0 Clear           -10800
    -82     -55   -14.2    82.0     2.5   198.0   982.0 Clouds          -10800
    -78     -55    -3.6    91.0     4.2   176.0   978.0 Clouds          -10800
    -74     -55    -4.2    93.0    11.9   216.0   974.0 Snow            -14400
    -70     -55    -2.1    83.0     5.5   195.0   978.0 Clouds          -14400
    -66     -55     0.8    82.0     5.9   276.0   982.0 Clouds          -14400
    -62     -55     1.6    82.0    10.4   272.0   990.0 Clouds          -14400
    -58     -55     3.9    92.0     8.4   268.0   999.0 Clouds          -14400
    -54     -55     7.0    91.0     5.2   208.0  1004.0 Clouds          -14400
    -50     -55     9.9    98.0     8.3   311.0  1005.0 Clouds          -14400
    -46     -55    15.8    90.0     9.8   335.0  1012.0 Clouds          -14400
    -42     -55    17.9    80.0     6.5    12.0  1015.0 Clear           -14400
    -38     -55    20.2    78.0     5.8    81.0  1013.0 Clear           -14400
    -34     -55    26.9    42.0     5.8   143.0  1008.0 Clouds          -10800
    -30     -55    27.9    41.0     2.1   267.0  1005.0 Clouds          -10800
    -26     -55    33.6    35.0     3.7   323.0  1003.0 Clear           -10800
    -22     -55    29.1    55.0     7.5   315.0  1003.0 Clouds          -14400
    -18     -55    29.9    56.0     3.1   360.0  1004.0 Rain            -14400
    -14     -55    28.2    66.0     2.0   283.0  1008.0 Clouds          -14400
    -10     -55    28.0    76.0     2.9     7.0  1008.0 Rain            -14400
     -6     -55    27.1    94.0     0.7   117.0  1008.0 Clouds          -10800
     -2     -55    28.8    71.0     1.0   271.0  1007.0 Clouds          -10800
      2     -55    28.1    64.0     3.2    57.0  1009.0 Clouds          -10800
      6     -55    27.1    77.0     6.7    66.0  1011.0 Clouds          -10800
     10     -55    26.7    77.0     8.4    71.0  1012.0 Clouds          -14400
     14     -55    25.8    80.0     7.7    74.0  1014.0 Clouds          -14400
     18     -55    25.6    72.0     8.0    89.0  1017.0 Clear           -14400
     22     -55    24.8    71.0     6.9   112.0  1018.0 Clear           -14400
     26     -55    23.9    77.0     6.6   118.0  1019.0 Clear           -14400
     30     -55    20.8    62.0     2.8    81.0  1021.0 Clear           -14400
     34     -55    17.7    55.0     4.2   298.0  1021.0 Clouds          -14400
     38     -55    12.8    60.0    10.2   291.0  1019.0 Clouds          -14400
     42     -55     7.0    63.0    13.2   283.0  1014.0 Clouds          -14400
     46     -55    -0.3    87.0    16.3   276.0  1006.0 Snow            -10800
     50     -55    -1.9    90.0    10.6   300.0   997.0 Snow            -12600
     54     -55    -0.0    96.0     5.4   341.0   995.0 Clouds          -14400
     58     -55     3.5    90.0     7.1    70.0  1000.0 Clouds          -14400
     62     -55     0.2    77.0     8.8   349.0  1003.0 Clouds          -14400
     66     -55    -2.8    83.0    10.1   332.0  1003.0 Snow            -14400
     70     -55    -7.8    75.0     7.8    10.0  1003.0 Clouds          -7200
     74     -55   -18.4    72.0     2.1   150.0  1004.0 Clouds          -7200
     78     -55   -26.6    94.0     7.8   192.0  1003.0 Clouds          -7200
     82     -55   -35.0    73.0     1.9   330.0  1015.0 Clouds          -7200
     86     -55   -23.3    98.0     5.9   358.0  1016.0 Clouds          -14400
     90     -55   -23.9   100.0     0.0    90.0  1024.0 Clouds          0

    -90     -50   -31.9    81.0     0.0   102.0  1003.0 Clear           46800
    -86     -50   -23.9    80.0     5.4   129.0   990.0 Clear           -10800
    -82     -50   -13.1    79.0     1.6   175.0   981.0 Clouds          -10800
    -78     -50    -4.3    84.0     3.6   163.0   977.0 Clouds          -10800
    -74     -50    -0.7    94.0     6.5   178.0   969.0 Snow            -10800
    -70     -50    -1.7    81.0     6.8   231.0   975.0 Clouds          -10800
    -66     -50    -0.1    87.0     5.7   281.0   981.0 Clouds          -10800
    -62     -50     0.5    84.0    10.2   279.0   988.0 Clouds          -10800
    -58     -50     3.1    92.0     8.6   256.0   997.0 Clouds          -10800
    -54     -50     6.9    95.0     5.2   236.0  1001.0 Rain            -10800
    -50     -50    11.0    95.0    10.7   312.0  1007.0 Clouds          -10800
    -46     -50    17.4    84.0     8.3   310.0  1015.0 Clouds          -10800
    -42     -50    17.5    68.0     5.4    38.0  1016.0 Clear           -10800
    -38     -50    19.9    73.0     8.9   105.0  1013.0 Clouds          -10800
    -34     -50    20.5    82.0     8.5   111.0  1007.0 Clouds          -10800
    -30     -50    24.6    71.0     6.4   197.0  1005.0 Clouds          -10800
    -26     -50    26.6    47.0     0.6     1.0  1003.0 Clouds          -10800
    -22     -50    33.1    31.0     6.1   244.0  1004.0 Clouds          -10800
    -18     -50    29.7    58.0     5.6   295.0  1007.0 Clouds          -10800
    -14     -50    28.8    68.0     2.0   297.0  1007.0 Clouds          -10800
    -10     -50    31.9    54.0     2.2    24.0  1007.0 Clouds          -10800
     -6     -50    30.8    69.0     2.1    20.0  1008.0 Clouds          -10800
     -2     -50    32.5    52.0     3.1    35.0  1008.0 Clouds          -10800
      2     -50    27.0    82.0     8.2    49.0  1010.0 Rain            -10800
      6     -50    26.2    77.0     9.7    54.0  1012.0 Clouds          -10800
     10     -50    26.0    77.0     9.0    72.0  1013.0 Clouds          -10800
     14     -50    25.2    75.0     9.7    72.0  1015.0 Clouds          -10800
     18     -50    24.9    76.0     9.0    84.0  1017.0 Clear           -10800
     22     -50    24.6    72.0     6.2    87.0  1020.0 Clear           -10800
     26     -50    23.7    75.0     2.0   206.0  1021.0 Rain            -10800
     30     -50    20.7    74.0     4.3   346.0  1021.0 Clouds          -10800
     34     -50    18.7    59.0     9.2   292.0  1021.0 Clear           -10800
     38     -50    14.4    56.0    17.0   290.0  1017.0 Clouds          -10800
     42     -50     5.0    60.0    14.1   293.0  1012.0 Clouds          -10800
     46     -50     0.5    90.0    15.9   266.0  1001.0 Clouds          -10800
     50     -50    -0.9    81.0    10.4   264.0   992.0 Clouds          -10800
     54     -50     3.5    94.0     7.8     2.0   990.0 Clouds          -10800
     58     -50     3.7    81.0    10.0    85.0   998.0 Clouds          -10800
     62     -50    -0.6    76.0     8.3   332.0   998.0 Clouds          -7200
     66     -50   -13.7    65.0     2.3   122.0  1003.0 Clouds          -7200
     70     -50   -13.8    62.0     3.6    97.0  1002.0 Clouds          -7200
     74     -50   -25.1    81.0     7.3   157.0  1008.0 Clouds          -7200
     78     -50   -29.1    97.0     6.2   187.0  1006.0 Clouds          -7200
     82     -50   -36.8    74.0     1.4   156.0  1015.0 Clouds          -7200
     86     -50   -21.6    97.0     6.4     7.0  1015.0 Clouds          -10800
     90     -50   -23.9   100.0     0.0    90.0  1024.0 Clouds          0

    -90     -45   -31.9    81.0     0.0   102.0  1003.0 Clear           46800
    -86     -45   -24.4    80.0     5.3   116.0   990.0 Clear           -10800
    -82     -45   -13.0    79.0     2.6   182.0   981.0 Clouds          -10800
    -78     -45    -7.5    76.0     7.3   162.0   977.0 Clouds          -10800
    -74     -45    -1.3    90.0     6.0   149.0   967.0 Clouds          -10800
    -70     -45    -1.1    83.0     6.4   252.0   973.0 Clouds          -10800
    -66     -45    -0.1    91.0     6.3   280.0   980.0 Clouds          -10800
    -62     -45    -0.5    88.0     7.2   260.0   987.0 Clouds          -10800
    -58     -45     1.9    91.0     8.6   246.0   995.0 Clouds          -10800
    -54     -45     5.5    98.0     7.5   281.0  1001.0 Clouds          -10800
    -50     -45    10.1    96.0     9.6   299.0  1009.0 Clouds          -10800
    -46     -45    14.8    88.0     6.9   320.0  1016.0 Clear           -10800
    -42     -45    16.9    65.0     5.7    51.0  1018.0 Clouds          -10800
    -38     -45    20.1    86.0    10.4   107.0  1013.0 Clouds          -10800
    -34     -45    21.1    92.0     8.3   103.0  1006.0 Clouds          -10800
    -30     -45    24.2    79.0     4.6   227.0  1003.0 Clear           -10800
    -26     -45    25.5    77.0     3.9   250.0  1005.0 Clear           -10800
    -22     -45    23.3    74.0     0.5   267.0  1008.0 Clouds          -10800
    -18     -45    25.0    83.0     2.1   312.0  1009.0 Clouds          -10800
    -14     -45    25.7    73.0     1.6   297.0  1009.0 Clouds          -10800
    -10     -45    26.6    69.0     2.2    57.0  1009.0 Rain            -10800
     -6     -45    29.1    68.0     2.2    51.0  1009.0 Clouds          -10800
     -2     -45    30.3    59.0     3.2    68.0  1010.0 Clouds          -10800
      2     -45    26.4    84.0     7.8    58.0  1011.0 Clouds          -10800
      6     -45    26.4    77.0     8.6    60.0  1012.0 Clouds          -10800
     10     -45    25.1    76.0     9.2    65.0  1014.0 Clouds          -10800
     14     -45    24.9    70.0     9.9    67.0  1016.0 Clouds          -10800
     18     -45    24.4    69.0     9.9    76.0  1018.0 Clouds          -10800
     22     -45    23.6    68.0     6.9    80.0  1021.0 Clear           -10800
     26     -45    23.0    74.0     1.9   222.0  1023.0 Clear           -10800
     30     -45    21.4    79.0     6.1   272.0  1022.0 Clear           -10800
     34     -45    19.1    65.0    11.1   291.0  1019.0 Clouds          -10800
     38     -45    15.2    74.0    17.0   285.0  1013.0 Rain            -10800
     42     -45     8.3    73.0    17.8   286.0  1006.0 Rain            -10800
     46     -45     2.2    66.0    16.2   270.0   999.0 Clouds          -10800
     50     -45     1.8    79.0    14.0   264.0   990.0 Clouds          -10800
     54     -45     4.4    85.0    11.8    11.0   983.0 Clouds          -10800
     58     -45     2.6    85.0    18.7    42.0   993.0 Clouds          -10800
     62     -45   -22.3    56.0     8.1    53.0  1009.0 Clear           -7200
     66     -45   -22.6    48.0     5.3   140.0  1011.0 Clouds          -7200
     70     -45   -23.6    73.0     6.1   135.0  1012.0 Clouds          -7200
     74     -45   -29.9    96.0     6.6   173.0  1015.0 Clouds          -7200
     78     -45   -27.5    95.0     6.5   210.0  1005.0 Clouds          -7200
     82     -45   -35.4    85.0     2.0    95.0  1014.0 Clouds          -7200
     86     -45   -19.9    96.0     6.9    16.0  1014.0 Clouds          -10800
     90     -45   -23.9   100.0     0.0    90.0  1024.0 Clouds          0

    -90     -40   -31.9    81.0     0.0   102.0  1003.0 Clear           46800
    -86     -40   -25.2    81.0     5.1   107.0   991.0 Clear           -10800
    -82     -40   -14.8    73.0     2.9   111.0   981.0 Clouds          -10800
    -78     -40    -6.9    86.0     3.9   165.0   976.0 Clouds          -10800
    -74     -40    -1.1    86.0     5.2    81.0   966.0 Clouds          -10800
    -70     -40    -0.6    84.0     6.3   262.0   972.0 Clouds          -10800
    -66     -40    -0.4    91.0     6.4   285.0   978.0 Clouds          -10800
    -62     -40    -0.7    94.0     4.2   275.0   985.0 Clouds          -10800
    -58     -40     1.7    98.0     6.8   228.0   992.0 Clouds          -10800
    -54     -40     4.9    99.0     9.2   282.0   999.0 Clouds          -7200
    -50     -40     8.0    99.0    10.8   297.0  1009.0 Clouds          -10800
    -46     -40    13.5    86.0     8.6   310.0  1018.0 Clouds          -10800
    -42     -40    15.2    76.0     5.4    65.0  1020.0 Clouds          -10800
    -38     -40    18.6    86.0    12.3    81.0  1015.0 Clouds          -10800
    -34     -40    20.5    95.0    10.8    71.0  1009.0 Clouds          -10800
    -30     -40    23.7    87.0     9.3     3.0  1004.0 Clouds          -10800
    -26     -40    25.7    82.0     7.2   298.0  1006.0 Clear           -10800
    -22     -40    26.6    82.0     6.8    17.0  1007.0 Clouds          -10800
    -18     -40    29.9    66.0     3.2    57.0  1008.0 Clouds          -10800
    -14     -40    31.6    43.0     1.1    99.0  1009.0 Clouds          -10800
    -10     -40    37.5    21.0     4.4    70.0  1006.0 Clouds          -10800
     -6     -40    31.9    32.0     3.2    65.0  1009.0 Clouds          -10800
     -2     -40    27.1    84.0     7.1   100.0  1011.0 Clear           -10800
      2     -40    26.1    85.0     7.3    69.0  1011.0 Clear           -10800
      6     -40    25.9    75.0     8.3    62.0  1012.0 Clouds          -10800
     10     -40    24.7    76.0     8.7    66.0  1014.0 Clouds          -10800
     14     -40    24.1    74.0     9.7    64.0  1016.0 Clear           -10800
     18     -40    23.4    75.0     9.1    66.0  1019.0 Clear           -10800
     22     -40    23.2    69.0     7.4    83.0  1021.0 Clouds          -10800
     26     -40    22.5    55.0     0.6   324.0  1023.0 Clear           -10800
     30     -40    21.8    85.0     9.4   243.0  1022.0 Rain            -10800
     34     -40    19.4    83.0    10.1   264.0  1018.0 Rain            -10800
     38     -40    16.3    78.0    14.4   266.0  1012.0 Rain            -10800
     42     -40    12.3    70.0    15.0   270.0  1002.0 Rain            -10800
     46     -40     4.9    65.0    14.6   287.0   998.0 Clouds          -10800
     50     -40     3.1    72.0    17.6   254.0   987.0 Rain            -10800
     54     -40     5.0    83.0    12.6     2.0   973.0 Rain            -10800
     58     -40     5.0    88.0    15.8    33.0   985.0 Clouds          -10800
     62     -40     1.8    96.0    17.4    19.0   999.0 Clouds          -10800
     66     -40   -23.0    54.0     4.2   346.0  1014.0 Clouds          -7200
     70     -40   -31.8    70.0     4.7   144.0  1023.0 Clouds          -7200
     74     -40   -35.1   100.0     6.5   211.0  1024.0 Clouds          -7200
     78     -40   -31.4    94.0     6.0   239.0  1012.0 Clouds          -7200
     82     -40   -31.2    70.0     3.3   174.0  1013.0 Clouds          -7200
     86     -40   -19.1    93.0     7.3    26.0  1013.0 Clouds          -10800
     90     -40   -23.9   100.0     0.0    90.0  1024.0 Clouds          0

    -90     -35   -31.9    81.0     0.0   102.0  1003.0 Clear           46800
    -86     -35   -26.0    82.0     4.8    96.0   991.0 Clear           -10800
    -82     -35   -17.2    77.0     3.1   132.0   982.0 Clear           -10800
    -78     -35    -8.4    77.0     2.6   116.0   976.0 Clouds          -10800
    -74     -35    -2.1    86.0     3.2    45.0   968.0 Clouds          -7200
    -70     -35    -0.9    89.0     5.0   278.0   971.0 Clouds          -7200
    -66     -35    -0.9    92.0     7.3   268.0   977.0 Clear           -7200
    -62     -35    -0.6    92.0     6.0   271.0   984.0 Clouds          -7200
    -58     -35     1.7    96.0     6.7   252.0   989.0 Clouds          -7200
    -54     -35     4.6    98.0    14.2   287.0   995.0 Clouds          -7200
    -50     -35     8.0    92.0    12.0   294.0  1010.0 Clouds          -7200
    -46     -35    11.9    90.0     8.4   293.0  1019.0 Clouds          -7200
    -42     -35    13.4    73.0     2.6    56.0  1023.0 Clear           -7200
    -38     -35    17.8    75.0    10.4    68.0  1020.0 Clouds          -7200
    -34     -35    20.5    84.0    10.2    48.0  1015.0 Clouds          -7200
    -30     -35    24.6    82.0     9.4    29.0  1010.0 Clouds          -7200
    -26     -35    25.5    84.0    11.6   354.0  1011.0 Clouds          -7200
    -22     -35    26.9    81.0     9.0     7.0  1012.0 Clouds          -7200
    -18     -35    26.9    83.0     6.6    22.0  1012.0 Clouds          -7200
    -14     -35    27.1    79.0     7.0    44.0  1012.0 Clouds          -7200
    -10     -35    27.2    71.0     7.6    64.0  1012.0 Clouds          -7200
     -6     -35    30.3    78.0     6.0    99.0  1012.0 Clouds          -10800
     -2     -35    26.8    84.0     6.7   113.0  1011.0 Clouds          -7200
      2     -35    26.2    83.0     7.0    59.0  1012.0 Clouds          -7200
      6     -35    25.5    74.0     7.1    65.0  1013.0 Clouds          -7200
     10     -35    23.9    77.0     8.6    59.0  1014.0 Clouds          -7200
     14     -35    22.8    78.0     9.3    57.0  1016.0 Clouds          -7200
     18     -35    22.9    68.0     9.2    66.0  1019.0 Clouds          -7200
     22     -35    22.7    67.0     7.2    75.0  1022.0 Clouds          -7200
     26     -35    22.4    64.0     3.5   110.0  1024.0 Clouds          -7200
     30     -35    20.9    77.0     7.4   217.0  1023.0 Clear           -7200
     34     -35    20.3    85.0    12.5   230.0  1018.0 Rain            -7200
     38     -35    18.0    82.0    11.7   248.0  1012.0 Rain            -7200
     42     -35    15.3    79.0    15.8   244.0  1003.0 Rain            -7200
     46     -35     7.7    90.0    10.4   286.0   994.0 Rain            -7200
     50     -35     4.7    59.0    17.9   251.0   989.0 Clouds          -7200
     54     -35     5.2    88.0    13.9   224.0   965.0 Rain            -7200
     58     -35     6.7    85.0    16.7    56.0   979.0 Clouds          -7200
     62     -35     5.4    79.0    12.6    38.0   995.0 Clouds          -7200
     66     -35   -12.6    83.0     7.3    40.0  1008.0 Clouds          -7200
     70     -35   -30.4    98.0     4.7   319.0  1023.0 Clouds          -7200
     74     -35   -35.3    99.0     6.4   232.0  1026.0 Clouds          -7200
     78     -35   -33.6    92.0     6.2   262.0  1017.0 Clouds          -7200
     82     -35   -31.4    91.0     3.1   257.0  1012.0 Clouds          -7200
     86     -35   -19.4    93.0     7.7    32.0  1013.0 Clouds          -7200
     90     -35   -23.9   100.0     0.0    90.0  1024.0 Clouds          0

    -90     -30   -31.9    81.0     0.0   102.0  1003.0 Clear           46800
    -86     -30   -26.9    82.0     4.2    82.0   992.0 Clear           -10800
    -82     -30   -18.7    84.0     3.8    83.0   983.0 Clear           -10800
    -78     -30   -12.5    88.0     1.8     2.0   977.0 Clouds          -10800
    -74     -30    -1.9    90.0     1.9   302.0   969.0 Clouds          -10800
    -70     -30    -1.0    88.0     5.7   266.0   971.0 Clouds          -7200
    -66     -30    -0.9    91.0     6.2   268.0   976.0 Clear           -7200
    -62     -30    -0.4    91.0     6.3   248.0   982.0 Clouds          -7200
    -58     -30     1.5    97.0     8.2   262.0   987.0 Clouds          -7200
    -54     -30     3.2    99.0    10.2   285.0   996.0 Clouds          -7200
    -50     -30     7.1    89.0    12.9   289.0  1008.0 Clouds          -7200
    -46     -30    10.5    92.0     8.4   274.0  1019.0 Clouds          -7200
    -42     -30    13.9    65.0     2.6   229.0  1023.0 Clear           -7200
    -38     -30    16.8    69.0     5.6    95.0  1023.0 Clouds          -7200
    -34     -30    21.2    84.0     9.1    77.0  1019.0 Clouds          -7200
    -30     -30    25.2    73.0     8.7    43.0  1017.0 Clouds          -7200
    -26     -30    25.6    79.0     7.3    27.0  1016.0 Rain            -7200
    -22     -30    26.2    70.0     7.2    33.0  1016.0 Clouds          -10800
    -18     -30    25.8    76.0     6.3    52.0  1015.0 Clouds          -7200
    -14     -30    26.3    74.0     5.7    80.0  1014.0 Clouds          -7200
    -10     -30    26.3    74.0     6.3    92.0  1013.0 Clouds          -7200
     -6     -30    27.0    76.0     7.3   123.0  1013.0 Clouds          -7200
     -2     -30    26.5    85.0     7.2   128.0  1012.0 Rain            -7200
      2     -30    26.7    81.0     4.8    85.0  1012.0 Rain            -7200
      6     -30    24.6    77.0     6.6    60.0  1012.0 Clouds          -7200
     10     -30    24.1    74.0     8.9    62.0  1013.0 Clouds          -7200
     14     -30    22.5    79.0     8.9    62.0  1016.0 Clouds          -7200
     18     -30    21.6    75.0     9.8    62.0  1019.0 Clouds          -7200
     22     -30    21.8    68.0     8.6    72.0  1022.0 Clear           -7200
     26     -30    20.5    69.0     4.7    92.0  1024.0 Clouds          -7200
     30     -30    20.0    68.0     4.9   221.0  1025.0 Clear           -7200
     34     -30    19.3    85.0    10.6   222.0  1021.0 Clouds          -7200
     38     -30    17.3    92.0     8.6   226.0  1014.0 Clouds          -3600
     42     -30    13.8    85.0     6.0   201.0  1007.0 Rain            -7200
     46     -30    12.5    80.0    13.2   201.0  1000.0 Rain            -7200
     50     -30     8.2    61.0    14.3   238.0   994.0 Clouds          -7200
     54     -30     5.1    78.0    17.7   216.0   982.0 Rain            -7200
     58     -30     6.4    92.0    11.1   107.0   980.0 Rain            -7200
     62     -30     7.0    79.0    12.4    75.0   994.0 Clouds          -7200
     66     -30     0.1    78.0     8.6    57.0  1005.0 Clouds          -7200
     70     -30   -21.7    58.0     5.0   204.0  1013.0 Clear           -7200
     74     -30   -29.0    60.0    10.9   290.0  1017.0 Clouds          -7200
     78     -30   -33.6    74.0     7.8   275.0  1017.0 Clear           -7200
     82     -30   -19.2    81.0     4.9   243.0  1009.0 Clouds          -7200
     86     -30   -19.6    93.0     8.2    37.0  1012.0 Clouds          -7200
     90     -30   -23.9   100.0     0.0    90.0  1024.0 Clouds          0

    -90     -25   -31.9    81.0     0.0   102.0  1003.0 Clear           46800
    -86     -25   -27.1    81.0     4.4    71.0   992.0 Clear           -10800
    -82     -25   -19.0    89.0     3.7    86.0   984.0 Clouds          -10800
    -78     -25   -12.9    82.0     4.1    32.0   978.0 Clouds          -10800
    -74     -25    -1.5    96.0     6.9    66.0   970.0 Snow            -10800
    -70     -25    -0.9    83.0     4.2   241.0   970.0 Clouds          -7200
    -66     -25    -0.9    83.0     6.1   230.0   975.0 Clouds          -7200
    -62     -25    -0.4    90.0     6.6   239.0   980.0 Clouds          -7200
    -58     -25     0.8    98.0     8.7   263.0   983.0 Clouds          -7200
    -54     -25     3.5    98.0    13.1   276.0   994.0 Clouds          -7200
    -50     -25     7.4    85.0    13.1   280.0  1006.0 Clouds          -7200
    -46     -25    10.2    87.0     9.8   269.0  1016.0 Clouds          -7200
    -42     -25    13.3    70.0     5.8   234.0  1022.0 Clear           -7200
    -38     -25    16.0    64.0     4.1   171.0  1022.0 Clear           -7200
    -34     -25    20.0    69.0     5.7   136.0  1021.0 Clouds          -7200
    -30     -25    24.0    66.0     0.3   334.0  1019.0 Clouds          -7200
    -26     -25    25.8    77.0     2.9    44.0  1018.0 Rain            -7200
    -22     -25    25.9    72.0     3.2    37.0  1018.0 Clouds          -7200
    -18     -25    25.3    72.0     6.0    89.0  1017.0 Clear           -7200
    -14     -25    25.8    69.0     5.0    94.0  1015.0 Clear           -7200
    -10     -25    26.3    72.0     5.9   111.0  1014.0 Clear           -7200
     -6     -25    26.3    77.0     6.8   124.0  1013.0 Clouds          -7200
     -2     -25    26.6    81.0     5.2   135.0  1012.0 Clouds          -7200
      2     -25    26.5    80.0     2.7   125.0  1012.0 Rain            -7200
      6     -25    24.8    77.0     3.9    45.0  1013.0 Clouds          -7200
     10     -25    24.2    72.0     7.4    47.0  1013.0 Clear           -7200
     14     -25    22.8    76.0     7.2    62.0  1015.0 Clouds          -7200
     18     -25    20.6    81.0     9.7    57.0  1018.0 Clear           -7200
     22     -25    20.6    75.0     9.5    68.0  1022.0 Clouds          -7200
     26     -25    20.2    72.0     7.7    76.0  1024.0 Clouds          -7200
     30     -25    19.3    61.0     0.4   166.0  1026.0 Clear           -7200
     34     -25    18.6    84.0     6.6   241.0  1023.0 Clear           -7200
     38     -25    17.5    87.0     6.9   245.0  1017.0 Clouds          -3600
     42     -25    13.3    91.0     8.6   136.0  1010.0 Clouds          -7200
     46     -25    12.3    65.0    12.2   191.0  1007.0 Clouds          -7200
     50     -25     8.5    70.0    13.3   244.0  1000.0 Rain            -7200
     54     -25     6.4    71.0    15.5   247.0   989.0 Rain            -7200
     58     -25     8.1    80.0    11.2   112.0   982.0 Rain            -7200
     62     -25     7.2    82.0    14.7    90.0   995.0 Rain            -7200
     66     -25     2.0    75.0     6.2    49.0  1004.0 Clouds          -7200
     70     -25   -19.8    28.0     2.4   247.0  1011.0 Clear           -7200
     74     -25   -27.6    61.0     6.2   296.0  1013.0 Clear           -7200
     78     -25   -30.0    70.0    11.8   285.0  1012.0 Clear           -7200
     82     -25   -18.2    94.0     3.8   299.0  1007.0 Clouds          -7200
     86     -25   -19.6    92.0     8.7    43.0  1012.0 Clouds          -7200
     90     -25   -23.9   100.0     0.0    90.0  1024.0 Clouds          0

    -90     -20   -31.9    81.0     0.0   102.0  1003.0 Clear           46800
    -86     -20   -28.2    83.0     4.6    64.0   993.0 Clear           -10800
    -82     -20   -20.6    92.0     4.4    56.0   985.0 Clouds          -10800
    -78     -20   -17.1    82.0     4.0    50.0   980.0 Clouds          -10800
    -74     -20    -4.5    94.0     6.5    60.0   973.0 Clouds          -10800
    -70     -20    -1.1    84.0     4.6   187.0   969.0 Clouds          -3600
    -66     -20    -1.1    82.0    11.4   225.0   970.0 Clouds          -3600
    -62     -20    -0.2    90.0     7.9   224.0   977.0 Clouds          -3600
    -58     -20     1.3    98.0     7.2   273.0   982.0 Snow            -3600
    -54     -20     3.5    96.0    13.2   286.0   991.0 Rain            -3600
    -50     -20     5.8    96.0    11.7   294.0  1003.0 Rain            -3600
    -46     -20    10.1    82.0     9.2   273.0  1014.0 Clouds          -3600
    -42     -20    12.9    73.0     8.2   221.0  1019.0 Clouds          -3600
    -38     -20    15.3    69.0     7.0   188.0  1020.0 Clouds          -3600
    -34     -20    20.3    77.0     7.3   164.0  1019.0 Clouds          -3600
    -30     -20    24.3    72.0     5.2   243.0  1019.0 Clouds          -3600
    -26     -20    25.0    73.0     3.6   156.0  1019.0 Clear           -3600
    -22     -20    25.8    69.0     1.9   122.0  1018.0 Clouds          -3600
    -18     -20    24.9    75.0     5.0   122.0  1017.0 Clear           -3600
    -14     -20    25.6    71.0     5.2   138.0  1015.0 Clear           -3600
    -10     -20    25.6    78.0     6.2   114.0  1014.0 Clear           -3600
     -6     -20    26.2    77.0     7.9   136.0  1013.0 Clouds          -3600
     -2     -20    26.6    82.0     5.3   131.0  1012.0 Clouds          -3600
      2     -20    27.0    76.0     2.4   174.0  1012.0 Clear           -3600
      6     -20    25.5    73.0     1.4   339.0  1013.0 Clear           -3600
     10     -20    24.4    64.0     4.4    33.0  1012.0 Clear           -3600
     14     -20    21.6    82.0     7.7    18.0  1014.0 Clear           -3600
     18     -20    19.1    83.0     9.4    30.0  1017.0 Clear           -3600
     22     -20    19.3    85.0     9.3    38.0  1020.0 Clear           -3600
     26     -20    19.8    81.0     9.0    46.0  1023.0 Clouds          -3600
     30     -20    18.5    79.0     4.7    12.0  1025.0 Clear           -3600
     34     -20    18.4    77.0     5.6   249.0  1024.0 Clouds          -3600
     38     -20    16.8    92.0     8.8   241.0  1018.0 Clouds          -3600
     42     -20    12.8    72.0     3.5    64.0  1014.0 Clouds          -3600
     46     -20    11.4    57.0     3.8   285.0  1011.0 Clouds          -3600
     50     -20     9.5    59.0    14.1   267.0  1004.0 Clear           -3600
     54     -20     7.7    62.0    14.9   234.0   992.0 Rain            -3600
     58     -20     9.2    84.0    11.3   128.0   987.0 Rain            -3600
     62     -20     7.7    79.0    13.7    86.0   996.0 Clouds          -3600
     66     -20    -4.1    91.0     2.4   136.0  1005.0 Clouds          0
     70     -20   -15.4   100.0     4.2   325.0  1011.0 Clouds          -3600
     74     -20   -26.8    90.0     1.9   196.0  1009.0 Clouds          -7200
     78     -20   -20.8    69.0     7.3   251.0  1003.0 Clear           0
     82     -20   -16.5   100.0     9.5   322.0  1005.0 Snow            -7200
     86     -20   -19.5    91.0     9.1    51.0  1011.0 Clouds          -3600
     90     -20   -23.9   100.0     0.0    90.0  1024.0 Clouds          0

    -90     -15   -31.9    81.0     0.0   102.0  1003.0 Clear           46800
    -86     -15   -29.1    85.0     4.5    61.0   994.0 Clear           0
    -82     -15   -22.8    97.0     4.4    43.0   987.0 Clouds          0
    -78     -15   -20.9    87.0     3.5    39.0   983.0 Clouds          0
    -74     -15    -5.1    80.0     4.6    81.0   974.0 Clouds          0
    -70     -15    -1.1    98.0     4.6   119.0   967.0 Snow            -3600
    -66     -15    -0.7    90.0    14.3   243.0   964.0 Clouds          -3600
    -62     -15    -0.4    97.0     8.8   270.0   974.0 Clouds          -3600
    -58     -15     1.2    98.0    10.0   320.0   982.0 Snow            -3600
    -54     -15     2.8    98.0    11.1   318.0   992.0 Rain            -3600
    -50     -15     5.2    96.0    10.3   307.0  1004.0 Clouds          -3600
    -46     -15     7.6    86.0     5.1   267.0  1012.0 Clouds          -3600
    -42     -15    11.4    76.0     8.9   211.0  1016.0 Clouds          -3600
    -38     -15    15.6    70.0     8.3   210.0  1017.0 Clouds          -3600
    -34     -15    21.4    82.0     6.3   195.0  1016.0 Rain            -3600
    -30     -15    23.7    68.0     4.6   282.0  1018.0 Clear           -3600
    -26     -15    24.4    68.0     2.8   182.0  1019.0 Clear           -3600
    -22     -15    24.6    66.0     3.4   134.0  1018.0 Clear           -3600
    -18     -15    24.8    71.0     5.6   119.0  1016.0 Clear           -3600
    -14     -15    24.5    77.0     4.8   132.0  1015.0 Clouds          -3600
    -10     -15    25.5    77.0     5.5   128.0  1014.0 Clear           -3600
     -6     -15    25.8    79.0     6.8   131.0  1013.0 Clouds          -3600
     -2     -15    26.6    81.0     3.5   143.0  1012.0 Clear           -3600
      2     -15    27.1    78.0     3.1   174.0  1012.0 Clear           -3600
      6     -15    26.6    75.0     1.8   250.0  1012.0 Clear           -3600
     10     -15    25.6    80.0     7.8   220.0  1011.0 Clear           -3600
     14     -15    30.6     8.0     2.4    42.0  1011.0 Clear           0
     18     -15    25.8    22.0     4.0    17.0  1014.0 Clear           0
     22     -15    23.5    33.0     5.3    45.0  1017.0 Clear           3600
     26     -15    18.6    88.0     8.3    39.0  1022.0 Clear           -3600
     30     -15    17.9    75.0     5.4    22.0  1024.0 Clear           0
     34     -15    17.3    82.0     3.0   271.0  1024.0 Clouds          -3600
     38     -15    16.2    91.0     9.1   251.0  1019.0 Clouds          -3600
     42     -15    13.9    97.0     8.1   286.0  1012.0 Clouds          -3600
     46     -15    11.6    64.0    11.0   318.0  1010.0 Clouds          -3600
     50     -15     9.8    73.0    15.8   288.0  1003.0 Clouds          -3600
     54     -15     9.1    83.0     9.3   230.0   994.0 Rain            -3600
     58     -15     9.0    80.0     9.6   129.0   992.0 Clouds          0
     62     -15     7.6    78.0    11.1    89.0   998.0 Rain            -3600
     66     -15    -1.0    97.0     0.3    16.0  1006.0 Clouds          0
     70     -15    -5.2    65.0     4.1    56.0  1010.0 Clouds          -3600
     74     -15   -19.9   100.0     3.7   224.0  1010.0 Clouds          -3600
     78     -15   -16.4    80.0     9.2   292.0  1001.0 Clouds          -3600
     82     -15   -21.4    98.0    10.3   312.0  1002.0 Clouds          -7200
     86     -15   -19.4    90.0     9.6    57.0  1011.0 Clouds          -3600
     90     -15   -23.9   100.0     0.0    90.0  1024.0 Clouds          0

    -90     -10   -31.9    81.0     0.0   102.0  1003.0 Clear           46800
    -86     -10   -30.1    87.0     4.5    58.0   996.0 Clouds          0
    -82     -10   -25.8   100.0     3.2    41.0   990.0 Clouds          0
    -78     -10   -22.6    84.0     4.4    50.0   985.0 Clear           0
    -74     -10   -12.9    77.0     4.7    82.0   977.0 Clouds          0
    -70     -10    -2.1    96.0    13.2    75.0   969.0 Snow            0
    -66     -10    -0.4    98.0     8.9   324.0   963.0 Snow            -3600
    -62     -10    -0.2    98.0    13.1   312.0   975.0 Snow            -3600
    -58     -10     0.9    91.0    11.9   317.0   987.0 Clouds          -3600
    -54     -10     1.9    89.0    10.2   325.0   997.0 Clouds          -3600
    -50     -10     3.8    77.0     6.1   279.0  1006.0 Clouds          -3600
    -46     -10     5.9    75.0     6.1   233.0  1011.0 Clouds          -3600
    -42     -10    11.9    73.0     7.8   217.0  1012.0 Clouds          0
    -38     -10    16.5    78.0     8.9   199.0  1013.0 Clouds          -3600
    -34     -10    21.6    83.0     9.9   290.0  1015.0 Clouds          -3600
    -30     -10    22.9    62.0     3.1   233.0  1018.0 Clear           -3600
    -26     -10    24.0    64.0     1.7   306.0  1019.0 Clear           -3600
    -22     -10    23.9    67.0     4.3   117.0  1017.0 Clear           -3600
    -18     -10    23.8    73.0     6.5   119.0  1016.0 Clouds          -3600
    -14     -10    24.2    73.0     4.5   116.0  1015.0 Clear           -3600
    -10     -10    25.2    74.0     4.7   120.0  1014.0 Clouds          -3600
     -6     -10    25.6    79.0     6.0   142.0  1013.0 Clear           -3600
     -2     -10    26.4    84.0     5.4   154.0  1012.0 Rain            -3600
      2     -10    26.6    82.0     3.1   196.0  1012.0 Rain            -3600
      6     -10    25.0    88.0     2.1   217.0  1011.0 Clouds          0
     10     -10    28.1    12.0     1.7    19.0  1010.0 Clear           0
     14     -10    30.0     7.0     3.2    13.0  1011.0 Clear           0
     18     -10    23.7    18.0     3.4    25.0  1014.0 Clear           0
     22     -10    22.2    28.0     4.1    17.0  1016.0 Clear           0
     26     -10    19.6    38.0     7.3   341.0  1018.0 Clear           3600
     30     -10    16.9    86.0    11.1   345.0  1020.0 Clouds          -3600
     34     -10    16.1    74.0     1.9   329.0  1024.0 Clouds          -3600
     38     -10    14.9    88.0     6.3   226.0  1021.0 Clouds          -3600
     42     -10    12.9    85.0     9.8   186.0  1015.0 Clouds          -3600
     46     -10    11.8    93.0    13.4   225.0  1008.0 Rain            -3600
     50     -10    10.1    92.0     8.2   184.0   998.0 Rain            -3600
     54     -10     8.1    85.0     3.6   229.0   995.0 Clouds          0
     58     -10     8.4    74.0     6.3   120.0   996.0 Clouds          0
     62     -10     7.5    83.0     8.2   120.0  1000.0 Rain            -3600
     66     -10     3.6    91.0     3.1   108.0  1006.0 Clouds          -3600
     70     -10    -2.9    77.0     5.7    45.0  1008.0 Clouds          3600
     74     -10   -11.8    72.0     6.4   260.0  1009.0 Clear           -3600
     78     -10   -14.8    94.0     9.3   298.0   998.0 Snow            -3600
     82     -10   -14.3    95.0    11.1   335.0   997.0 Snow            -3600
     86     -10   -19.7    89.0     9.9    61.0  1011.0 Clouds          -3600
     90     -10   -23.9   100.0     0.0    90.0  1024.0 Clouds          0

    -90      -5   -31.9    81.0     0.0   102.0  1003.0 Clear           46800
    -86      -5   -31.1    90.0     4.4    58.0   997.0 Clouds          7200
    -82      -5   -27.0   100.0     3.0    41.0   992.0 Clouds          7200
    -78      -5   -25.4    85.0     4.4    46.0   988.0 Clear           7200
    -74      -5   -24.6    77.0     5.7    91.0   982.0 Clear           7200
    -70      -5    -2.0    82.0     8.6    60.0   973.0 Clouds          7200
    -66      -5    -0.9    98.0     9.8     4.0   969.0 Snow            0
    -62      -5    -0.2    93.0    12.2   312.0   978.0 Clouds          0
    -58      -5     0.6    90.0    11.8   310.0   991.0 Clouds          0
    -54      -5     1.0    79.0     8.9   299.0  1001.0 Clouds          0
    -50      -5     2.3    81.0     2.2   196.0  1005.0 Clouds          0
    -46      -5     6.8    63.0     6.5   217.0  1009.0 Clouds          0
    -42      -5    11.6    76.0     7.7   204.0  1010.0 Clouds          0
    -38      -5    17.7    95.0    11.8   302.0  1010.0 Rain            0
    -34      -5    21.1    83.0     8.0   292.0  1016.0 Clouds          0
    -30      -5    23.3    84.0     4.1   280.0  1018.0 Rain            0
    -26      -5    23.6    68.0     2.6   117.0  1018.0 Clear           0
    -22      -5    23.3    72.0     6.6   133.0  1017.0 Clouds          0
    -18      -5    23.7    75.0     6.5   139.0  1015.0 Clouds          0
    -14      -5    24.0    72.0     4.6   154.0  1015.0 Clouds          0
    -10      -5    24.9    69.0     3.9   144.0  1014.0 Clouds          0
     -6      -5    25.5    76.0     5.2   141.0  1013.0 Clouds          0
     -2      -5    27.0    82.0     6.0   144.0  1012.0 Clouds          0
      2      -5    27.6    77.0     1.9   180.0  1012.0 Rain            0
      6      -5    26.4    77.0     2.7   189.0  1011.0 Rain            0
     10      -5    30.3    11.0     1.2    93.0  1010.0 Clear           0
     14      -5    28.3     8.0     3.6    21.0  1012.0 Clear           0
     18      -5    22.9    12.0     3.8    35.0  1014.0 Clear           0
     22      -5    24.1    20.0     2.5    60.0  1015.0 Clear           0
     26      -5    24.1    21.0     3.8   101.0  1016.0 Clear           3600
     30      -5    18.7    35.0     4.2    81.0  1018.0 Clouds          3600
     34      -5    13.9    82.0     2.6   330.0  1024.0 Clouds          3600
     38      -5     5.8    90.0     1.1   313.0  1022.0 Clouds          3600
     42      -5     4.9    84.0     7.1   240.0  1017.0 Clouds          3600
     46      -5    11.7    78.0    10.6   268.0  1010.0 Clouds          0
     50      -5     7.8    76.0     5.8   259.0  1002.0 Clouds          0
     54      -5     7.1    81.0     7.7   253.0   996.0 Clouds          0
     58      -5     3.7    81.0     1.8    84.0   999.0 Clouds          0
     62      -5     5.9    88.0    11.4   150.0  1005.0 Rain            0
     66      -5     3.5    88.0     6.5   170.0  1008.0 Clouds          0
     70      -5     1.6    99.0     2.0   355.0  1006.0 Snow            0
     74      -5    -9.9    62.0     8.6   292.0  1008.0 Clouds          0
     78      -5   -15.1    93.0    12.0   292.0   994.0 Clouds          0
     82      -5   -12.1    94.0    11.0    15.0   993.0 Snow            0
     86      -5   -19.9    89.0    10.1    66.0  1011.0 Clouds          0
     90      -5   -23.9   100.0     0.0    90.0  1024.0 Clouds          0

    -90       0   -31.9    81.0     0.0   102.0  1003.0 Clear           46800
    -86       0   -31.8    92.0     4.2    55.0   998.0 Clouds          7200
    -82       0   -27.0    97.0     3.5    32.0   992.0 Clouds          7200
    -78       0   -28.1    88.0     4.4    33.0   991.0 Clear           7200
    -74       0   -26.1    87.0     4.3   110.0   986.0 Clear           7200
    -70       0   -10.6    88.0     1.4   119.0   975.0 Clouds          7200
    -66       0    -1.0    76.0     5.8   358.0   975.0 Clouds          0
    -62       0    -0.3    97.0     9.4   292.0   981.0 Snow            0
    -58       0     0.5    90.0    11.2   284.0   992.0 Clouds          0
    -54       0     1.0    84.0     5.5   260.0  1001.0 Clear           0
    -50       0     3.6    81.0     5.9   226.0  1003.0 Clouds          0
    -46       0     6.8    83.0     6.8   207.0  1006.0 Clear           0
    -42       0    12.5    93.0     9.1   189.0  1006.0 Clouds          0
    -38       0    18.5    90.0     9.3   306.0  1012.0 Rain            0
    -34       0    21.2    83.0     6.5   296.0  1017.0 Clear           0
    -30       0    22.9    85.0     3.9   291.0  1019.0 Rain            0
    -26       0    22.7    79.0     5.2   124.0  1018.0 Clear           0
    -22       0    22.8    75.0     5.5   126.0  1016.0 Clear           0
    -18       0    23.2    76.0     6.2   125.0  1014.0 Rain            0
    -14       0    24.1    74.0     2.1   133.0  1014.0 Clouds          0
    -10       0    24.4    73.0     3.1   117.0  1014.0 Clouds          0
     -6       0    25.8    72.0     3.9   115.0  1013.0 Clouds          0
     -2       0    27.1    80.0     6.5   151.0  1012.0 Clouds          0
      2       0    27.4    81.0     4.3   172.0  1013.0 Rain            0
      6       0    28.6    65.0     4.9   196.0  1012.0 Clear           0
     10       0    32.7    11.0     0.3    43.0  1010.0 Clear           0
     14       0    28.3     9.0     3.4    18.0  1012.0 Clear           0
     18       0    24.8     5.0     4.7    12.0  1014.0 Clear           0
     22       0    22.1    20.0     4.0    28.0  1015.0 Clouds          3600
     26       0    22.4    30.0     2.8     9.0  1016.0 Clouds          3600
     30       0    19.0    28.0     3.3     1.0  1018.0 Clouds          3600
     34       0     7.9    70.0     6.7   300.0  1021.0 Clear           3600
     38       0    14.0    65.0    12.3   297.0  1017.0 Clouds          3600
     42       0     8.1    68.0     7.5   294.0  1013.0 Clouds          3600
     46       0     7.7    95.0     4.2   255.0  1008.0 Clouds          3600
     50       0     9.2    85.0     5.3   209.0  1003.0 Clear           0
     54       0     6.8    91.0     7.9   159.0  1000.0 Clouds          0
     58       0     4.4    97.0    15.1   132.0  1005.0 Clouds          0
     62       0     4.3    72.0    15.6   163.0  1011.0 Clouds          0
     66       0     4.1    74.0     6.8   199.0  1011.0 Clouds          0
     70       0     3.8    74.0     8.7   240.0  1007.0 Clouds          0
     74       0    -8.1    68.0     9.4   288.0  1006.0 Clouds          0
     78       0   -12.9    95.0    14.7   250.0   992.0 Clouds          0
     82       0    -6.5    96.0     4.5    90.0   991.0 Snow            0
     86       0   -20.3    90.0    10.4    71.0  1011.0 Clouds          0
     90       0   -23.9   100.0     0.0    90.0  1024.0 Clouds          0

    -90       5   -31.9    81.0     0.0   102.0  1003.0 Clear           46800
    -86       5   -32.4    94.0     4.1    50.0   999.0 Clouds          0
    -82       5   -28.3   100.0     3.3    21.0   994.0 Clouds          0
    -78       5   -30.2    89.0     4.4    26.0   994.0 Clouds          0
    -74       5   -28.8    83.0     5.6    70.0   989.0 Clouds          0
    -70       5    -2.7    72.0     3.5   172.0   974.0 Clouds          0
    -66       5    -1.0    70.0     6.1   223.0   975.0 Clouds          0
    -62       5    -0.3    94.0     8.1   264.0   981.0 Clouds          0
    -58       5    -0.3    96.0    11.2   269.0   991.0 Snow            0
    -54       5     0.7    73.0     7.5   232.0   999.0 Clouds          0
    -50       5     3.5    88.0     7.2   252.0  1001.0 Clouds          0
    -46       5     8.5    94.0     4.3   208.0  1003.0 Clouds          0
    -42       5    14.2    87.0    15.1   322.0  1008.0 Clouds          0
    -38       5    18.1    81.0     8.3   319.0  1016.0 Clear           0
    -34       5    21.2    70.0     3.9   319.0  1019.0 Clouds          0
    -30       5    22.7    87.0     2.9   211.0  1019.0 Clear           0
    -26       5    21.8    85.0     6.8   131.0  1017.0 Clear           0
    -22       5    22.5    75.0     6.5   132.0  1015.0 Clouds          0
    -18       5    22.9    80.0     3.5   137.0  1014.0 Clouds          0
    -14       5    23.9    67.0     1.4   136.0  1014.0 Clouds          0
    -10       5    24.4    69.0     1.4   157.0  1014.0 Clouds          0
     -6       5    26.5    71.0     3.4   180.0  1013.0 Clouds          0
     -2       5    26.4    80.0     3.9   165.0  1013.0 Clouds          3600
      2       5    27.8    78.0     4.5   187.0  1013.0 Clouds          0
      6       5    27.2    81.0     2.4   189.0  1012.0 Clouds          3600
     10       5    28.1    14.0     1.3   330.0  1010.0 Clear           3600
     14       5    27.6    10.0     2.7   335.0  1011.0 Clear           3600
     18       5    24.9     6.0     3.4    15.0  1014.0 Clear           3600
     22       5    20.4    11.0     5.5   317.0  1015.0 Clear           3600
     26       5    19.8    33.0     2.9   315.0  1017.0 Clouds          3600
     30       5    17.7    30.0     5.6   337.0  1017.0 Clouds          3600
     34       5    11.5    45.0    13.8   317.0  1014.0 Clear           3600
     38       5    13.9    65.0    12.5   313.0  1012.0 Clear           0
     42       5    11.9    78.0    13.9   322.0  1008.0 Clouds          0
     46       5     6.0    96.0     2.3   117.0  1009.0 Clouds          3600
     50       5     3.4    93.0     1.8   176.0  1006.0 Clouds          3600
     54       5     2.3    92.0    10.1   133.0  1006.0 Clouds          0
     58       5     1.7    85.0    18.1   120.0  1013.0 Snow            0
     62       5     0.5    45.0     3.6   174.0  1016.0 Clouds          3600
     66       5     4.2    69.0     5.5   242.0  1013.0 Rain            0
     70       5     4.5    73.0     8.9   252.0  1007.0 Rain            0
     74       5    -5.6    62.0    10.0   278.0  1005.0 Clouds          0
     78       5    -9.5    85.0    14.0   230.0   994.0 Snow            0
     82       5    -6.9    96.0     5.0   173.0   991.0 Snow            0
     86       5   -20.7    89.0    10.5    77.0  1012.0 Clouds          0
     90       5   -23.9   100.0     0.0    90.0  1024.0 Clouds          0

    -90      10   -31.9    81.0     0.0   102.0  1003.0 Clear           46800
    -86      10   -32.6    95.0     4.0    47.0   999.0 Clouds          0
    -82      10   -30.3   100.0     3.1     4.0   996.0 Clouds          0
    -78      10   -32.3    91.0     4.5    17.0   997.0 Clouds          0
    -74      10   -32.2    89.0     5.2    81.0   994.0 Clear           0
    -70      10    -1.8    87.0     5.0   145.0   972.0 Clouds          0
    -66      10    -0.6    79.0    11.3   202.0   970.0 Clouds          3600
    -62      10    -0.2    81.0    13.3   237.0   976.0 Clouds          3600
    -58      10    -0.1    91.0    11.5   260.0   987.0 Clouds          3600
    -54      10     0.3    89.0     6.2   247.0   996.0 Clear           3600
    -50      10     4.5    95.0     8.2   293.0  1000.0 Rain            3600
    -46      10     8.9    95.0    10.8   326.0  1007.0 Rain            3600
    -42      10    14.1    77.0    11.3   328.0  1013.0 Clouds          3600
    -38      10    16.5    65.0     5.0   305.0  1019.0 Clear           3600
    -34      10    19.8    72.0     3.3   126.0  1020.0 Clouds          3600
    -30      10    21.6    86.0     6.8   149.0  1018.0 Clouds          3600
    -26      10    21.3    90.0     8.2   153.0  1016.0 Clear           3600
    -22      10    20.7    86.0     6.6   155.0  1014.0 Clouds          3600
    -18      10    20.9    90.0     4.5   181.0  1013.0 Clouds          3600
    -14      10    23.5    77.0     3.9   233.0  1013.0 Clouds          3600
    -10      10    25.8    69.0     2.9   272.0  1013.0 Clouds          3600
     -6      10    27.2    75.0     4.1   223.0  1013.0 Clouds          3600
     -2      10    23.8    95.0     0.6   218.0  1014.0 Clouds          3600
      2      10    24.4    84.0     1.5   196.0  1014.0 Clouds          3600
      6      10    21.1    41.0     1.3   239.0  1015.0 Clouds          3600
     10      10    27.7    14.0     2.0   101.0  1011.0 Clear           3600
     14      10    26.2     9.0     3.0    53.0  1012.0 Clouds          3600
     18      10    20.4     8.0     1.7   122.0  1014.0 Clear           3600
     22      10    20.9     7.0     2.6   344.0  1014.0 Clear           3600
     26      10    19.0    36.0     5.5   320.0  1015.0 Clouds          7200
     30      10    17.8    37.0     9.1   315.0  1013.0 Clear           7200
     34      10    13.9    47.0    12.3   270.0  1007.0 Clouds          3600
     38      10    13.4    80.0    12.8   325.0   996.0 Rain            3600
     42      10    12.7    76.0     9.1   349.0  1003.0 Clouds          3600
     46      10    -5.0    77.0     2.2     7.0  1010.0 Clouds          3600
     50      10     3.0    95.0     1.7    90.0  1010.0 Clouds          3600
     54      10    -4.4    87.0     4.0    90.0  1013.0 Clouds          3600
     58      10    -0.5    60.0    13.4   121.0  1021.0 Clouds          3600
     62      10   -11.0    94.0     4.8   191.0  1026.0 Clouds          3600
     66      10    -0.2    73.0    10.4   177.0  1016.0 Clouds          3600
     70      10     3.8    96.0     8.7   232.0  1008.0 Rain            3600
     74      10    -2.9    65.0     8.2   285.0  1003.0 Clouds          3600
     78      10    -6.6    76.0    11.8   221.0   996.0 Clouds          3600
     82      10    -5.1    95.0     6.5   170.0   992.0 Snow            3600
     86      10   -21.3    90.0    10.5    82.0  1012.0 Clouds          3600
     90      10   -23.9   100.0     0.0    90.0  1024.0 Clouds          0

    -90      15   -31.9    81.0     0.0   102.0  1003.0 Clear           46800
    -86      15   -33.1    96.0     4.1    40.0  1000.0 Clouds          0
    -82      15   -31.8    99.0     3.3     0.0   999.0 Clouds          0
    -78      15   -34.7    94.0     4.4     6.0  1001.0 Clouds          0
    -74      15   -28.7    95.0     4.6   103.0   989.0 Clouds          0
    -70      15    -1.7    89.0     8.1   124.0   969.0 Clouds          0
    -66      15    -0.1    98.0     7.5   195.0   962.0 Snow            3600
    -62      15    -0.0    95.0    15.5   234.0   968.0 Snow            3600
    -58      15    -0.2    82.0    13.7   268.0   984.0 Clouds          3600
    -54      15     0.1    98.0     5.3   292.0   995.0 Snow            3600
    -50      15     5.4    93.0    12.8   311.0  1002.0 Rain            3600
    -46      15     8.1    92.0     9.2   317.0  1011.0 Rain            3600
    -42      15    13.9    73.0     5.7   308.0  1017.0 Clouds          3600
    -38      15    17.0    63.0     1.1    61.0  1020.0 Clouds          3600
    -34      15    19.8    73.0     6.6   155.0  1019.0 Clear           3600
    -30      15    19.8    94.0     8.9   159.0  1016.0 Clear           3600
    -26      15    17.8    74.0     3.6   183.0  1011.0 Clear           7200
    -22      15    21.6    56.0     2.3   194.0  1013.0 Clear           7200
    -18      15    25.7    58.0     6.6   130.0  1010.0 Clouds          7200
    -14      15    17.1    88.0     1.8   222.0  1014.0 Rain            3600
    -10      15    18.3    97.0     2.0   297.0  1015.0 Clouds          3600
     -6      15    19.1    97.0     0.8   246.0  1015.0 Clouds          3600
     -2      15    23.8    83.0     0.6   150.0  1014.0 Clouds          3600
      2      15    22.0    91.0     1.1   173.0  1013.0 Rain            3600
      6      15    23.3    23.0     0.7   307.0  1013.0 Clouds          3600
     10      15    27.8    12.0     3.5   327.0  1011.0 Clear           3600
     14      15    25.8     6.0     5.1    25.0  1012.0 Clear           3600
     18      15    23.1     8.0     1.8    86.0  1012.0 Clouds          3600
     22      15    20.7     5.0     1.4   238.0  1013.0 Clouds          3600
     26      15    18.2    32.0     3.3   293.0  1013.0 Clear           7200
     30      15    20.4    35.0    10.3   272.0  1009.0 Clouds          7200
     34      15    15.8    67.0    11.3   250.0  1003.0 Rain            3600
     38      15     3.2    96.0     1.6   279.0   996.0 Clouds          3600
     42      15    10.7    79.0     4.1    66.0  1003.0 Clouds          3600
     46      15     2.5    88.0     1.2    75.0  1009.0 Clouds          3600
     50      15    -2.2    90.0     3.2    71.0  1013.0 Clouds          3600
     54      15    -7.8    69.0     8.1   110.0  1019.0 Clouds          3600
     58      15    -5.9    77.0     4.0   115.0  1027.0 Clouds          3600
     62      15   -12.0    97.0     2.5   178.0  1030.0 Clouds          3600
     66      15   -12.8    88.0     3.6   150.0  1023.0 Clouds          3600
     70      15     1.2    84.0    15.7   204.0  1013.0 Snow            3600
     74      15     1.1    96.0     8.2   322.0  1002.0 Snow            3600
     78      15    -8.7    95.0     3.0   168.0   997.0 Snow            3600
     82      15    -4.0    93.0     8.5   132.0   993.0 Snow            3600
     86      15   -22.1    91.0    10.2    87.0  1013.0 Clouds          3600
     90      15   -23.9   100.0     0.0    90.0  1024.0 Clouds          0

    -90      20   -31.9    81.0     0.0   102.0  1003.0 Clear           46800
    -86      20   -33.2    96.0     4.0    35.0  1001.0 Clouds          0
    -82      20   -30.7    92.0     4.0   351.0   998.0 Clouds          0
    -78      20   -36.8    97.0     4.2     3.0  1005.0 Clouds          0
    -74      20   -25.3    97.0     6.0   100.0   985.0 Clouds          0
    -70      20    -2.3    94.0     9.1   116.0   968.0 Clouds          0
    -66      20     0.2    99.0     4.0   145.0   961.0 Clouds          3600
    -62      20     0.4    99.0     7.8   246.0   961.0 Snow            3600
    -58      20    -0.0    82.0    17.1   280.0   981.0 Clouds          3600
    -54      20     0.7    90.0    12.1   297.0   997.0 Clouds          3600
    -50      20     4.1    88.0    11.0   320.0  1007.0 Clouds          3600
    -46      20     8.2    77.0     7.8   318.0  1015.0 Clouds          3600
    -42      20    13.2    62.0     3.4   288.0  1019.0 Clouds          3600
    -38      20    18.9    61.0     4.8   126.0  1019.0 Clear           3600
    -34      20    21.4    78.0     5.1   137.0  1017.0 Clouds          7200
    -30      20    23.3    37.0     8.2   213.0  1013.0 Clear           7200
    -26      20    32.5    20.0     4.1   133.0  1009.0 Clear           7200
    -22      20    24.7    45.0     1.8    58.0  1011.0 Clear           7200
    -18      20    20.8    81.0     0.5   281.0  1011.0 Clear           7200
    -14      20    19.4    86.0     2.0   149.0  1012.0 Rain            3600
    -10      20    18.7    95.0     2.5   353.0  1014.0 Rain            3600
     -6      20    20.0    97.0     0.7   282.0  1014.0 Clouds          7200
     -2      20    21.2    97.0     0.8   352.0  1014.0 Clouds          3600
      2      20    22.0    96.0     1.2   183.0  1013.0 Clouds          3600
      6      20    27.1    18.0     1.6   252.0  1010.0 Clouds          3600
     10      20    29.3    14.0     1.9    41.0  1010.0 Clouds          3600
     14      20    25.1     7.0     4.7   356.0  1011.0 Clear           3600
     18      20    22.6     9.0     3.5    42.0  1012.0 Clear           3600
     22      20    19.8    12.0     2.8   156.0  1014.0 Clouds          7200
     26      20    20.5    11.0     4.4   205.0  1012.0 Clear           7200
     30      20    20.4    37.0     4.3   209.0  1008.0 Clear           7200
     34      20    17.4    83.0    12.0   174.0  1002.0 Clear           3600
     38      20    14.3    79.0    12.7   119.0  1000.0 Rain            7200
     42      20     4.5    86.0     3.1    54.0  1005.0 Clouds          3600
     46      20     2.0    99.0     1.8   351.0  1010.0 Clouds          3600
     50      20    -7.8    66.0     8.8    60.0  1016.0 Clouds          3600
     54      20   -12.7    85.0     4.6    87.0  1025.0 Clouds          3600
     58      20    -4.0    67.0     8.6   102.0  1030.0 Clouds          3600
     62      20    -5.4    74.0     7.1   159.0  1033.0 Clouds          7200
     66      20   -14.2    92.0     3.1   110.0  1026.0 Clouds          3600
     70      20    -3.7    49.0     4.2   189.0  1016.0 Clouds          3600
     74      20     2.3    98.0    12.5   208.0  1004.0 Rain            3600
     78      20    -0.6    94.0    10.4   182.0   995.0 Snow            3600
     82      20    -4.2    94.0    11.5   129.0   995.0 Snow            3600
     86      20   -23.0    93.0     9.9    91.0  1014.0 Clouds          3600
     90      20   -23.9   100.0     0.0    90.0  1024.0 Clouds          0

    -90      25   -31.9    81.0     0.0   102.0  1003.0 Clear           46800
    -86      25   -32.6    94.0     4.1    32.0  1000.0 Clouds          0
    -82      25   -32.1    87.0     5.0   357.0  1000.0 Clouds          0
    -78      25   -38.2   100.0     4.2   354.0  1008.0 Clouds          0
    -74      25   -25.7    97.0     7.2   101.0   986.0 Clouds          0
    -70      25    -2.1    95.0     9.6   106.0   968.0 Snow            0
    -66      25     0.4    99.0     3.7   148.0   959.0 Snow            7200
    -62      25     0.1    99.0     5.8   291.0   959.0 Snow            7200
    -58      25     0.4    81.0    18.7   291.0   981.0 Clouds          7200
    -54      25     0.9    81.0    13.6   293.0   999.0 Clouds          7200
    -50      25     4.2    78.0    10.7   301.0  1010.0 Clouds          7200
    -46      25     7.8    77.0     6.0   301.0  1017.0 Clouds          7200
    -42      25    12.8    59.0     2.3   216.0  1020.0 Clouds          7200
    -38      25    18.8    78.0     6.0   147.0  1018.0 Clouds          7200
    -34      25    21.6    91.0     0.8    11.0  1016.0 Clear           7200
    -30      25    24.1    33.0     9.9   149.0  1011.0 Clear           7200
    -26      25    22.3    57.0     6.1    38.0  1013.0 Clouds          7200
    -22      25    25.4    39.0     5.6    76.0  1012.0 Clouds          7200
    -18      25    19.2    71.0     2.3    95.0  1012.0 Clear           7200
    -14      25    19.3    79.0     0.6   218.0  1012.0 Clouds          7200
    -10      25    18.1   100.0     0.7   343.0  1015.0 Rain            7200
     -6      25    20.0    95.0     0.8   290.0  1013.0 Clouds          7200
     -2      25    20.5    98.0     1.2   212.0  1014.0 Clouds          7200
      2      25    22.9    82.0     1.8   222.0  1012.0 Clouds          7200
      6      25    25.2    30.0     1.4   196.0  1010.0 Clouds          3600
     10      25    25.9    13.0     1.5    80.0  1010.0 Clouds          7200
     14      25    22.2    11.0     2.6    33.0  1013.0 Clear           7200
     18      25    18.2    15.0     2.5    82.0  1015.0 Clear           7200
     22      25    19.6    13.0     1.3   134.0  1015.0 Clouds          7200
     26      25    18.9    11.0     4.1   214.0  1014.0 Clouds          7200
     30      25    19.3    27.0     3.7   237.0  1011.0 Clear           7200
     34      25    16.6    67.0     1.7   234.0  1009.0 Clouds          7200
     38      25    14.2    73.0     4.5   102.0  1007.0 Clouds          7200
     42      25     5.6   100.0     2.6   110.0  1009.0 Clouds          7200
     46      25    -1.7    98.0     1.4   107.0  1010.0 Snow            7200
     50      25   -15.1    97.0     2.6    71.0  1021.0 Clouds          7200
     54      25   -17.2    93.0     3.5    49.0  1027.0 Clear           10800
     58      25   -15.6    94.0     2.5    71.0  1033.0 Clear           7200
     62      25   -20.8    84.0     1.0   120.0  1037.0 Snow            7200
     66      25   -17.8    96.0     3.7   171.0  1033.0 Clouds          7200
     70      25   -13.6    66.0    11.3   190.0  1021.0 Clouds          3600
     74      25     2.9    67.0    11.0   221.0  1007.0 Clouds          7200
     78      25    -1.5    93.0    10.9   177.0   998.0 Clouds          3600
     82      25    -5.7    94.0    13.8   127.0   998.0 Snow            7200
     86      25   -24.0    94.0     9.5    96.0  1015.0 Clouds          7200
     90      25   -23.9   100.0     0.0    90.0  1024.0 Clouds          0

    -90      30   -31.9    81.0     0.0   102.0  1003.0 Clear           46800
    -86      30   -32.9    95.0     4.3    28.0  1000.0 Clouds          10800
    -82      30   -33.8    90.0     4.8   356.0  1002.0 Clouds          10800
    -78      30   -39.6   100.0     3.9   346.0  1011.0 Clouds          10800
    -74      30   -23.2    87.0     5.8   125.0   987.0 Clouds          10800
    -70      30    -2.4    85.0     7.5    96.0   969.0 Clouds          10800
    -66      30     0.2   100.0     2.9    62.0   958.0 Snow            7200
    -62      30    -0.1    96.0    11.0   312.0   962.0 Snow            7200
    -58      30     1.1    79.0    18.5   293.0   982.0 Clouds          7200
    -54      30     1.9    83.0    15.1   294.0  1000.0 Clouds          7200
    -50      30     3.9    75.0    10.1   286.0  1012.0 Clouds          7200
    -46      30     7.5    73.0     5.1   271.0  1018.0 Clouds          7200
    -42      30    12.6    76.0     5.6   184.0  1019.0 Clouds          7200
    -38      30    21.0    78.0     1.4   115.0  1016.0 Clear           7200
    -34      30    23.2    79.0     3.6   144.0  1016.0 Clear           7200
    -30      30    16.3    99.0     0.1   324.0  1018.0 Rain            7200
    -26      30    15.7    94.0     3.1    82.0  1018.0 Clouds          7200
    -22      30    24.8    64.0     3.4    46.0  1013.0 Clear           7200
    -18      30    18.8    78.0     1.8    97.0  1013.0 Clear           7200
    -14      30    18.1    90.0     1.1   343.0  1013.0 Clouds          7200
    -10      30    17.2    98.0     1.8   318.0  1015.0 Clouds          7200
     -6      30    19.4    92.0     0.8   167.0  1014.0 Clouds          10800
     -2      30    18.2   100.0     2.6   310.0  1015.0 Thunderstorm    7200
      2      30    19.3    56.0     0.6   133.0  1013.0 Clouds          7200
      6      30    28.7    24.0     2.0    48.0  1008.0 Clouds          7200
     10      30    28.8    13.0     2.3    19.0  1009.0 Clouds          7200
     14      30    21.3    10.0     3.6     4.0  1013.0 Clouds          7200
     18      30    20.1    12.0     3.6   342.0  1014.0 Clear           7200
     22      30    18.9    18.0     3.2    72.0  1015.0 Clear           7200
     26      30    17.0    20.0     1.8   146.0  1015.0 Clear           7200
     30      30    19.0    15.0     4.7   208.0  1013.0 Clear           7200
     34      30    16.7    85.0     4.4   269.0  1011.0 Clear           7200
     38      30     6.5    67.0     3.8   174.0  1009.0 Clouds          10800
     42      30     5.0    87.0     6.4    21.0  1010.0 Clouds          7200
     46      30    -6.3    81.0     7.1   359.0  1013.0 Clouds          7200
     50      30   -14.8    93.0     4.5     5.0  1018.0 Clouds          7200
     54      30   -19.5    97.0     4.7    17.0  1025.0 Clouds          10800
     58      30   -18.4    93.0     3.0    29.0  1032.0 Clear           10800
     62      30   -21.6   100.0     1.6    44.0  1037.0 Clouds          7200
     66      30   -25.3   100.0     1.4   239.0  1037.0 Clouds          10800
     70      30   -11.8    79.0    11.8   230.0  1023.0 Clouds          3600
     74      30     2.5    63.0     9.2   228.0  1009.0 Clouds          7200
     78      30    -1.4    86.0     8.4   177.0  1002.0 Clouds          3600
     82      30    -7.6    94.0    13.7   123.0  1002.0 Snow            7200
     86      30   -24.7    95.0     9.0   102.0  1016.0 Clouds          7200
     90      30   -23.9   100.0     0.0    90.0  1024.0 Clouds          0

    -90      35   -31.9    81.0     0.0   102.0  1003.0 Clear           46800
    -86      35   -33.7    96.0     4.3    20.0  1001.0 Clouds          10800
    -82      35   -35.3    93.0     5.0   357.0  1004.0 Clouds          10800
    -78      35   -41.8   100.0     3.6   338.0  1015.0 Clouds          10800
    -74      35   -25.1    84.0     6.3    98.0   990.0 Clouds          10800
    -70      35    -6.5    95.0     9.5    73.0   970.0 Snow            10800
    -66      35     0.2    99.0     5.8   355.0   959.0 Snow            7200
    -62      35     0.7    97.0    14.1   311.0   966.0 Snow            7200
    -58      35     1.5    79.0    17.7   293.0   984.0 Clouds          7200
    -54      35     2.2    78.0    14.3   290.0  1002.0 Clouds          7200
    -50      35     3.8    85.0     8.9   283.0  1013.0 Clouds          7200
    -46      35     7.6    76.0     4.5   213.0  1018.0 Clear           7200
    -42      35    15.5    87.0     4.1   242.0  1016.0 Clear           7200
    -38      35    21.5    88.0     4.0   182.0  1015.0 Clear           7200
    -34      35    23.0    88.0     4.2    14.0  1014.0 Rain            7200
    -30      35    25.5    81.0     4.3    17.0  1015.0 Clouds          7200
    -26      35    26.0    71.0     5.2   113.0  1014.0 Clouds          7200
    -22      35    22.2    89.0     1.8   159.0  1013.0 Clouds          7200
    -18      35    22.6    83.0     0.8   150.0  1012.0 Clear           7200
    -14      35    25.8    70.0     0.8   154.0  1011.0 Rain            7200
    -10      35    18.6    97.0     1.1   276.0  1014.0 Rain            10800
     -6      35    20.2    93.0     1.7   267.0  1013.0 Rain            10800
     -2      35    17.7    89.0     0.7   170.0  1015.0 Rain            10800
      2      35    24.1    40.0     5.6    62.0  1012.0 Clouds          10800
      6      35    25.8    43.0     2.5    39.0  1011.0 Clouds          7200
     10      35    20.0    32.0     0.2   315.0  1012.0 Clouds          10800
     14      35    28.1    23.0     3.8   354.0  1010.0 Clouds          7200
     18      35    25.6    20.0     4.5    44.0  1011.0 Clouds          7200
     22      35    18.9    41.0     3.6    45.0  1015.0 Clear           7200
     26      35    23.0    57.0     1.7   189.0  1015.0 Clear           7200
     30      35    17.1    44.0     4.0   202.0  1015.0 Clouds          7200
     34      35    19.3    72.0     6.8   185.0  1012.0 Clouds          7200
     38      35     2.3    85.0     6.0   166.0  1011.0 Clouds          10800
     42      35    10.0    94.0     3.7    84.0  1005.0 Clouds          10800
     46      35    -1.2    96.0     3.3   329.0  1007.0 Clouds          7200
     50      35   -14.7    91.0     5.7     4.0  1012.0 Clouds          7200
     54      35   -19.0    91.0     5.7     5.0  1019.0 Clouds          10800
     58      35   -22.6    93.0     3.7    22.0  1029.0 Clouds          10800
     62      35   -19.6    98.0     4.0    64.0  1037.0 Clouds          10800
     66      35   -15.6    93.0     3.7   252.0  1035.0 Clear           10800
     70      35    -5.7    74.0    15.1   241.0  1025.0 Clouds          7200
     74      35     1.6    65.0     6.8   227.0  1011.0 Clouds          7200
     78      35    -3.1    94.0     4.6   176.0  1005.0 Clouds          7200
     82      35    -8.9    93.0    13.1   125.0  1006.0 Snow            7200
     86      35   -25.6    97.0     8.6   107.0  1018.0 Clouds          7200
     90      35   -23.9   100.0     0.0    90.0  1024.0 Clouds          0

    -90      40   -31.9    81.0     0.0   102.0  1003.0 Clear           46800
    -86      40   -35.0    98.0     4.0     9.0  1002.0 Clouds          10800
    -82      40   -36.9   100.0     4.4   349.0  1005.0 Clouds          10800
    -78      40   -44.0   100.0     2.9   307.0  1020.0 Clouds          10800
    -74      40   -30.1    85.0     5.2   105.0   998.0 Clouds          10800
    -70      40    -4.0    95.0     4.3    73.0   971.0 Snow            10800
    -66      40     0.5    99.0     6.8   357.0   962.0 Snow            10800
    -62      40     1.4    97.0    13.5   315.0   970.0 Snow            10800
    -58      40     1.9    84.0    18.0   294.0   986.0 Clouds          10800
    -54      40     2.8    77.0    13.9   287.0  1003.0 Clouds          10800
    -50      40     4.3    88.0     7.5   278.0  1013.0 Clouds          10800
    -46      40     9.4    99.0     6.8   328.0  1016.0 Rain            10800
    -42      40    16.1    87.0     8.6    16.0  1019.0 Clear           10800
    -38      40    19.1    88.0     6.1    51.0  1019.0 Clouds          10800
    -34      40    22.6    77.0     5.1    70.0  1017.0 Clear           10800
    -30      40    23.7    69.0     5.5   122.0  1015.0 Clear           10800
    -26      40    25.8    80.0     8.6   119.0  1012.0 Clear           10800
    -22      40    27.1    77.0     8.9   149.0  1010.0 Rain            10800
    -18      40    28.0    72.0     4.4   213.0  1010.0 Clear           10800
    -14      40    21.7    95.0     1.4   309.0  1012.0 Clouds          7200
    -10      40    27.8    77.0     5.9    10.0  1011.0 Clouds          10800
     -6      40    27.8    79.0     6.7    56.0  1012.0 Clouds          10800
     -2      40    25.6    72.0     4.2   106.0  1011.0 Clear           10800
      2      40    30.6    29.0     5.5    47.0  1010.0 Clouds          10800
      6      40    22.0    42.0     2.0   149.0  1014.0 Clear           10800
     10      40    23.0    49.0     1.9    14.0  1015.0 Clouds          10800
     14      40    25.9    34.0     2.9   191.0  1013.0 Clear           10800
     18      40    25.4    78.0     5.2   115.0  1013.0 Clear           10800
     22      40    20.6    70.0     0.8   335.0  1016.0 Clear           10800
     26      40    15.2    25.0     2.9   273.0  1018.0 Clouds          10800
     30      40    14.2    37.0     1.1   168.0  1017.0 Clouds          10800
     34      40    13.9    62.0     3.5   229.0  1015.0 Clouds          10800
     38      40     6.0    99.0     1.2    44.0  1017.0 Clouds          10800
     42      40    10.6    87.0     2.9    71.0  1006.0 Rain            10800
     46      40     5.3    94.0     4.9   231.0  1005.0 Clouds          10800
     50      40    -8.1    92.0     5.3   332.0  1005.0 Snow            10800
     54      40   -15.2    94.0     8.2     7.0  1010.0 Snow            10800
     58      40   -22.8    94.0     5.5    26.0  1025.0 Clouds          10800
     62      40   -30.7    99.0     1.5    47.0  1037.0 Clear           10800
     66      40    -6.2    82.0     5.9   274.0  1034.0 Clouds          10800
     70      40    -2.2    68.0    14.2   270.0  1024.0 Clouds          10800
     74      40    -0.5    77.0     9.1   236.0  1013.0 Clouds          10800
     78      40    -5.8    96.0     6.0   154.0  1007.0 Snow            10800
     82      40   -12.2    91.0    11.3   119.0  1010.0 Clouds          10800
     86      40   -26.8    97.0     7.8   111.0  1019.0 Clouds          10800
     90      40   -23.9   100.0     0.0    90.0  1024.0 Clouds          0

    -90      45   -31.9    81.0     0.0   102.0  1003.0 Clear           46800
    -86      45   -36.2   100.0     3.5   359.0  1004.0 Clouds          10800
    -82      45   -38.6   100.0     3.8   345.0  1008.0 Clouds          10800
    -78      45   -43.8   100.0     3.5   241.0  1020.0 Clouds          10800
    -74      45   -37.9    93.0     4.4   143.0  1010.0 Clouds          10800
    -70      45   -14.4    81.0    10.6    78.0   976.0 Clouds          10800
    -66      45     0.0    99.0     8.7    36.0   965.0 Snow            10800
    -62      45     1.3    92.0    13.4   314.0   974.0 Clouds          10800
    -58      45     2.0    95.0    16.7   303.0   988.0 Clouds          10800
    -54      45     3.1    84.0    13.5   292.0  1005.0 Clouds          10800
    -50      45     5.3    98.0     9.7   311.0  1013.0 Rain            10800
    -46      45     8.8    88.0     9.9   352.0  1021.0 Clouds          10800
    -42      45    13.9    76.0     4.3    24.0  1023.0 Clouds          10800
    -38      45    17.7    71.0     5.0   100.0  1021.0 Clouds          10800
    -34      45    21.9    77.0     8.7   122.0  1016.0 Rain            10800
    -30      45    24.1    71.0     5.9   128.0  1013.0 Clear           10800
    -26      45    26.4    76.0     8.9   112.0  1010.0 Clear           10800
    -22      45    25.6    70.0     2.2   137.0  1008.0 Rain            10800
    -18      45    21.2    97.0     0.9   297.0  1010.0 Rain            10800
    -14      45    28.0    77.0     9.6   301.0  1011.0 Clouds          10800
    -10      45    27.9    74.0     6.2   348.0  1012.0 Clouds          14400
     -6      45    27.3    80.0     5.6    29.0  1013.0 Clouds          10800
     -2      45    26.3    85.0     8.2    45.0  1012.0 Clouds          10800
      2      45    24.1    84.0     6.6    76.0  1012.0 Clear           10800
      6      45    23.7    30.0     6.5    85.0  1013.0 Clouds          10800
     10      45    12.4    83.0     1.1   353.0  1018.0 Clear           10800
     14      45    16.9    78.0     1.1   149.0  1018.0 Clear           10800
     18      45    17.7    41.0     4.2   109.0  1017.0 Clear           10800
     22      45    17.5    38.0     3.3   144.0  1017.0 Clear           10800
     26      45    18.9    35.0     1.6    25.0  1016.0 Clear           10800
     30      45    15.7    34.0     2.0   206.0  1017.0 Clear           10800
     34      45    14.5    48.0     4.7   135.0  1017.0 Clouds          10800
     38      45    -1.7    87.0     1.5   222.0  1020.0 Clouds          12600
     42      45     1.7    83.0     0.8   238.0  1012.0 Clouds          14400
     46      45     0.3    98.0     2.3   200.0  1009.0 Clouds          10800
     50      45     0.5    98.0     7.2   162.0  1005.0 Clouds          10800
     54      45    -4.1    96.0     5.9    98.0  1005.0 Snow            10800
     58      45   -17.7    95.0     5.8    44.0  1022.0 Snow            10800
     62      45   -31.5    98.0     1.2    28.0  1037.0 Clear           10800
     66      45   -11.4    94.0     4.3   259.0  1032.0 Clouds          10800
     70      45    -0.4    69.0    12.7   298.0  1022.0 Clouds          10800
     74      45     0.1    93.0     6.8   211.0  1013.0 Clouds          10800
     78      45    -4.1    90.0     6.5   151.0  1009.0 Clouds          10800
     82      45   -15.3    91.0     9.3   122.0  1013.0 Clouds          10800
     86      45   -28.0    98.0     7.1   117.0  1020.0 Clouds          10800
     90      45   -23.9   100.0     0.0    90.0  1024.0 Clouds          0

    -90      50   -31.9    81.0     0.0   102.0  1003.0 Clear           46800
    -86      50   -37.1   100.0     3.3   351.0  1006.0 Clouds          10800
    -82      50   -42.4   100.0     2.8   342.0  1015.0 Clouds          10800
    -78      50   -41.5   100.0     4.2   211.0  1015.0 Clouds          10800
    -74      50   -37.3    92.0     4.5   196.0  1009.0 Clouds          10800
    -70      50   -18.1    73.0     6.4   107.0   984.0 Clouds          10800
    -66      50    -0.9    98.0    12.2    61.0   971.0 Snow            10800
    -62      50     1.6    94.0    14.1   315.0   978.0 Clouds          10800
    -58      50     2.8    86.0    15.8   302.0   992.0 Clouds          10800
    -54      50     4.0    95.0    14.4   307.0  1006.0 Clouds          10800
    -50      50     5.6    86.0    14.3   333.0  1018.0 Clouds          10800
    -46      50     8.0    83.0     6.9   339.0  1026.0 Clouds          18000
    -42      50    13.7    83.0     4.8    86.0  1025.0 Clouds          10800
    -38      50    18.4    85.0     8.9   112.0  1019.0 Clouds          10800
    -34      50    21.7    91.0     7.8   134.0  1014.0 Rain            10800
    -30      50    24.0    83.0     4.1   145.0  1011.0 Clouds          10800
    -26      50    25.9    76.0     2.3   117.0  1010.0 Clouds          10800
    -22      50    25.5    81.0     4.4    29.0  1010.0 Clouds          10800
    -18      50    25.7    87.0    10.0    26.0  1009.0 Rain            10800
    -14      50    22.9    84.0     1.2   313.0  1010.0 Clouds          10800
    -10      50    27.5    77.0     4.4   355.0  1013.0 Rain            14400
     -6      50    27.5    74.0     3.9    18.0  1013.0 Clear           10800
     -2      50    27.1    80.0     7.4    36.0  1013.0 Clear           10800
      2      50    25.8    85.0     8.1    36.0  1013.0 Clear           10800
      6      50    25.1    72.0    10.4    40.0  1014.0 Clear           10800
     10      50    17.0    87.0     5.5    63.0  1017.0 Clear           10800
     14      50    23.4    73.0     5.8    73.0  1017.0 Clear           10800
     18      50    18.8    26.0     4.6    82.0  1017.0 Clouds          10800
     22      50    18.4    21.0     3.4   133.0  1018.0 Clear           10800
     26      50    16.4    37.0     4.6   165.0  1016.0 Clear           10800
     30      50    16.9    60.0     1.4    78.0  1018.0 Clear           12600
     34      50     4.5    58.0     3.3   183.0  1017.0 Clouds          12600
     38      50    12.7    78.0     5.9   182.0  1008.0 Clouds          10800
     42      50     7.2    94.0     5.3   287.0  1006.0 Clouds          10800
     46      50    -2.3    91.0     4.2   103.0  1010.0 Clouds          10800
     50      50    -4.6    92.0     4.8   140.0  1012.0 Clouds          18000
     54      50    -4.2    94.0     5.5   136.0  1013.0 Clouds          14400
     58      50   -17.4    96.0     7.6    53.0  1023.0 Snow            10800
     62      50   -34.5   100.0     1.4    50.0  1037.0 Clouds          10800
     66      50   -19.2    98.0     3.9   213.0  1031.0 Snow            10800
     70      50    -8.9    95.0    11.0   177.0  1023.0 Snow            10800
     74      50    -3.3    89.0    17.0   185.0  1016.0 Snow            10800
     78      50    -4.3    83.0     9.7   173.0  1012.0 Clouds          10800
     82      50   -18.1   100.0     6.6   119.0  1015.0 Clouds          10800
     86      50   -28.9   100.0     6.4   121.0  1021.0 Clouds          10800
     90      50   -23.9   100.0     0.0    90.0  1024.0 Clouds          0

    -90      55   -31.9    81.0     0.0   102.0  1003.0 Clear           46800
    -86      55   -37.8   100.0     3.3   350.0  1007.0 Clouds          10800
    -82      55   -42.7   100.0     2.0   339.0  1015.0 Clouds          10800
    -78      55   -39.4    88.0     5.4   188.0  1011.0 Clouds          10800
    -74      55   -32.8    77.0     6.7   225.0  1003.0 Clear           10800
    -70      55   -23.0    75.0     4.2   134.0   990.0 Clouds          10800
    -66      55    -3.7    97.0     1.6   185.0   978.0 Snow            10800
    -62      55     1.9    96.0    15.4   323.0   982.0 Clouds          14400
    -58      55     2.9    93.0    16.7   318.0   996.0 Rain            14400
    -54      55     4.2    89.0    16.7   325.0  1010.0 Clouds          14400
    -50      55     5.4    88.0    11.5   319.0  1024.0 Clouds          14400
    -46      55     7.6    79.0     4.7     3.0  1029.0 Clear           14400
    -42      55    14.7    68.0     8.3    80.0  1026.0 Clouds          14400
    -38      55    18.3    93.0    10.9   104.0  1018.0 Rain            14400
    -34      55    20.5    93.0     3.0   217.0  1011.0 Clouds          14400
    -30      55    24.7    86.0     3.6    47.0  1009.0 Clear           14400
    -26      55    26.3    79.0     6.5   309.0  1010.0 Clouds          14400
    -22      55    26.9    69.0     2.3   294.0  1011.0 Clouds          14400
    -18      55    27.2    71.0     2.6   345.0  1012.0 Clouds          14400
    -14      55    28.1    77.0     4.2   299.0  1012.0 Clouds          14400
    -10      55    27.8    77.0     5.1   299.0  1013.0 Clouds          14400
     -6      55    27.8    78.0     4.9     3.0  1013.0 Rain            14400
     -2      55    27.4    77.0     4.9    62.0  1012.0 Clear           14400
      2      55    27.2    80.0     6.4    41.0  1012.0 Clouds          14400
      6      55    25.9    75.0     8.9    37.0  1013.0 Clouds          14400
     10      55    24.6    74.0     6.8    61.0  1015.0 Clouds          14400
     14      55    23.6    65.0     7.2    58.0  1017.0 Clouds          14400
     18      55    18.1    72.0     2.6   131.0  1018.0 Clouds          14400
     22      55    17.4    40.0     2.8   347.0  1018.0 Clear           10800
     26      55    21.1    57.0     5.6   273.0  1017.0 Clear           12600
     30      55     7.0    46.0     3.0   162.0  1018.0 Clear           12600
     34      55     9.1    43.0     1.4   250.0  1015.0 Clear           12600
     38      55    11.7    46.0     4.2    74.0  1010.0 Clear           18000
     42      55     1.2    65.0     5.9   122.0  1012.0 Clouds          18000
     46      55    -4.3    89.0     4.0   117.0  1015.0 Clouds          18000
     50      55    -8.6    86.0     4.4   130.0  1018.0 Clouds          18000
     54      55   -12.6    96.0     1.5   150.0  1019.0 Clouds          18000
     58      55   -16.6    96.0     4.5    43.0  1025.0 Snow            18000
     62      55   -38.0   100.0     1.2    13.0  1037.0 Clouds          10800
     66      55   -35.0   100.0     2.2   195.0  1035.0 Clouds          10800
     70      55   -19.7   100.0     7.4   175.0  1028.0 Clouds          14400
     74      55   -18.3    79.0     3.7   145.0  1022.0 Clouds          10800
     78      55    -5.4    89.0     5.0   180.0  1015.0 Snow            14400
     82      55   -17.5   100.0     6.0   121.0  1017.0 Clouds          10800
     86      55   -29.4   100.0     6.1   125.0  1022.0 Clouds          14400
     90      55   -23.9   100.0     0.0    90.0  1024.0 Clouds          0

    -90      60   -31.9    81.0     0.0   102.0  1003.0 Clear           46800
    -86      60   -38.4    98.0     3.5   352.0  1008.0 Clouds          18000
    -82      60   -44.7   100.0     1.6   352.0  1018.0 Clouds          18000
    -78      60   -38.1    81.0     5.6   166.0  1008.0 Clear           18000
    -74      60   -27.2    67.0    10.3   223.0   993.0 Clear           18000
    -70      60   -26.0    77.0     7.0   206.0   993.0 Clouds          18000
    -66      60    -0.1    90.0     8.4   302.0   980.0 Clouds          18000
    -62      60     1.8    96.0    14.2   320.0   987.0 Snow            14400
    -58      60     2.9    90.0    15.7   316.0  1001.0 Clouds          14400
    -54      60     3.7    90.0    13.8   312.0  1015.0 Clouds          14400
    -50      60     5.1    88.0     9.7   305.0  1026.0 Clear           14400
    -46      60     7.8    66.0     2.8     2.0  1031.0 Clear           14400
    -42      60    14.0    67.0     9.0    84.0  1027.0 Clouds          14400
    -38      60    18.0    97.0    10.0    88.0  1019.0 Rain            14400
    -34      60    21.1    95.0    10.5    61.0  1013.0 Rain            14400
    -30      60    24.2    86.0    10.4    17.0  1012.0 Rain            14400
    -26      60    25.5    89.0    10.3    22.0  1012.0 Rain            14400
    -22      60    25.9    86.0     5.8     1.0  1012.0 Rain            14400
    -18      60    27.1    75.0     3.5   263.0  1012.0 Clouds          14400
    -14      60    27.8    77.0     4.6   236.0  1012.0 Rain            14400
    -10      60    26.9    82.0     5.2   302.0  1012.0 Rain            14400
     -6      60    27.1    78.0     2.3    26.0  1012.0 Rain            14400
     -2      60    27.8    73.0     4.3    60.0  1012.0 Clouds          14400
      2      60    27.9    77.0     6.7    51.0  1011.0 Clouds          14400
      6      60    27.1    76.0     8.1    38.0  1012.0 Rain            14400
     10      60    24.4    69.0     6.4    46.0  1014.0 Clouds          14400
     14      60    23.6    64.0     5.8    45.0  1016.0 Clouds          14400
     18      60    22.4    65.0     5.1    49.0  1017.0 Clear           14400
     22      60    22.9    69.0     4.0   206.0  1017.0 Clear           14400
     26      60    17.3    73.0     1.0   225.0  1017.0 Clear           12600
     30      60     9.0    66.0     1.7    99.0  1017.0 Clear           12600
     34      60     8.9    65.0     0.7   199.0  1016.0 Clouds          12600
     38      60     7.9    67.0     4.2   104.0  1013.0 Clouds          18000
     42      60    -0.5    68.0     2.1   121.0  1016.0 Clear           18000
     46      60    -3.2    94.0     2.5    67.0  1018.0 Clouds          18000
     50      60   -19.1   100.0     1.7    63.0  1024.0 Clouds          18000
     54      60   -15.4    99.0     1.1   314.0  1024.0 Clouds          18000
     58      60   -20.3    98.0     3.3    31.0  1031.0 Snow            18000
     62      60   -33.5   100.0     1.1   273.0  1036.0 Clouds          18000
     66      60   -36.5   100.0     2.7   205.0  1036.0 Clear           10800
     70      60   -28.7   100.0     4.0   208.0  1031.0 Clouds          10800
     74      60   -25.2    96.0     4.5   209.0  1026.0 Clouds          14400
     78      60    -6.2    83.0     3.0   123.0  1017.0 Clouds          14400
     82      60   -20.2   100.0     6.8   122.0  1019.0 Clouds          10800
     86      60   -30.4   100.0     5.6   129.0  1023.0 Clouds          14400
     90      60   -23.9   100.0     0.0    90.0  1024.0 Clouds          0

    -90      65   -31.9    81.0     0.0   102.0  1003.0 Clear           46800
    -86      65   -38.9    95.0     3.7   355.0  1010.0 Clouds          18000
    -82      65   -46.1   100.0     1.2   347.0  1019.0 Clouds          18000
    -78      65   -37.4    81.0     6.4   144.0  1006.0 Clear           18000
    -74      65   -19.1    72.0     8.7   213.0   982.0 Clear           18000
    -70      65   -14.2    53.0    11.3   234.0   981.0 Clear           18000
    -66      65    -0.3    84.0     6.6   287.0   981.0 Clouds          18000
    -62      65     1.2    95.0    10.5   303.0   991.0 Clouds          14400
    -58      65     2.9    88.0    14.6   298.0  1004.0 Clouds          14400
    -54      65     3.6    89.0    12.9   290.0  1017.0 Clouds          14400
    -50      65     4.8    87.0     9.1   285.0  1027.0 Clear           14400
    -46      65     7.1    69.0     1.6   286.0  1032.0 Clear           14400
    -42      65    12.1    69.0     8.4    93.0  1029.0 Clouds          14400
    -38      65    17.8    96.0     4.1    87.0  1023.0 Clouds          14400
    -34      65    21.6    90.0     9.2    62.0  1019.0 Clouds          14400
    -30      65    24.4    86.0     9.4    40.0  1017.0 Clouds          14400
    -26      65    25.4    84.0     9.6    44.0  1016.0 Rain            14400
    -22      65    25.8    82.0     9.2    54.0  1014.0 Clouds          14400
    -18      65    26.6    84.0     8.1    70.0  1012.0 Rain            14400
    -14      65    28.0    72.0     1.7   192.0  1011.0 Clouds          14400
    -10      65    27.5    79.0     5.1   275.0  1011.0 Clouds          14400
     -6      65    27.3    67.0     2.4   333.0  1012.0 Clouds          14400
     -2      65    27.4    78.0     4.2    60.0  1011.0 Clouds          14400
      2      65    27.7    76.0     4.9    80.0  1011.0 Clouds          14400
      6      65    27.1    77.0     6.7    47.0  1012.0 Clouds          14400
     10      65    24.9    74.0     5.9    33.0  1014.0 Clouds          14400
     14      65    23.1    64.0     4.6    39.0  1015.0 Clouds          14400
     18      65    22.9    67.0     6.3    36.0  1016.0 Clear           14400
     22      65    21.5    64.0     4.5    15.0  1017.0 Clear           14400
     26      65    16.5    77.0     2.0   253.0  1017.0 Clear           18000
     30      65    11.1    72.0     2.6   132.0  1018.0 Clouds          16200
     34      65    -7.9    93.0     2.1   118.0  1027.0 Snow            16200
     38      65    11.4    57.0     8.3   163.0  1016.0 Clouds          18000
     42      65     1.8    86.0     1.9   132.0  1017.0 Clear           18000
     46      65    -0.0    95.0     3.0   150.0  1020.0 Clouds          18000
     50      65   -12.9    92.0     1.8   129.0  1024.0 Clouds          18000
     54      65   -12.5    98.0     2.5   166.0  1025.0 Clouds          18000
     58      65   -16.8    96.0     2.9    39.0  1030.0 Clouds          18000
     62      65   -37.4   100.0     0.8   355.0  1036.0 Clouds          18000
     66      65   -35.1    94.0     2.0   291.0  1034.0 Clouds          18000
     70      65   -29.9   100.0     2.0   242.0  1032.0 Clouds          14400
     74      65   -25.8    99.0     4.0   218.0  1027.0 Clouds          14400
     78      65    -6.8    65.0     3.9   309.0  1017.0 Clouds          14400
     82      65   -25.4    99.0     5.1   124.0  1021.0 Clouds          14400
     86      65   -31.2    99.0     5.0   131.0  1024.0 Clouds          14400
     90      65   -23.9   100.0     0.0    90.0  1024.0 Clouds          0

    -90      70   -31.9    81.0     0.0   102.0  1003.0 Clear           46800
    -86      70   -39.2    92.0     3.8   356.0  1011.0 Clouds          18000
    -82      70   -46.7   100.0     1.4   331.0  1020.0 Clouds          18000
    -78      70   -37.4    84.0     6.7   136.0  1006.0 Clouds          18000
    -74      70   -17.1    93.0     4.5    80.0   979.0 Clouds          18000
    -70      70   -13.4    68.0     4.6   258.0   977.0 Clear           18000
    -66      70    -0.4    75.0     8.8   268.0   981.0 Clear           18000
    -62      70    -0.6    89.0     9.5   271.0   991.0 Clouds          18000
    -58      70     2.5    87.0    14.1   269.0  1003.0 Clouds          18000
    -54      70     3.4    86.0    13.1   270.0  1016.0 Clouds          18000
    -50      70     4.5    85.0    11.0   267.0  1026.0 Clear           18000
    -46      70     6.5    74.0     5.6   220.0  1031.0 Clear           18000
    -42      70    11.3    68.0     7.4   114.0  1030.0 Clouds          18000
    -38      70    17.0    94.0     5.1    97.0  1025.0 Rain            18000
    -34      70    21.6    89.0     5.7    60.0  1023.0 Clouds          18000
    -30      70    24.3    77.0     8.0    48.0  1021.0 Clouds          18000
    -26      70    24.9    81.0     7.7    63.0  1019.0 Clouds          18000
    -22      70    25.7    79.0     7.9    69.0  1016.0 Clouds          18000
    -18      70    26.4    82.0     8.8    84.0  1013.0 Clouds          18000
    -14      70    27.4    79.0     7.7    75.0  1011.0 Rain            18000
    -10      70    27.2    81.0     5.8   296.0  1011.0 Rain            18000
     -6      70    27.5    72.0     3.5   326.0  1011.0 Clear           21600
     -2      70    28.0    65.0     5.0    30.0  1012.0 Clouds          18000
      2      70    27.1    70.0     5.1    69.0  1012.0 Clouds          18000
      6      70    27.4    76.0     6.3   110.0  1012.0 Clouds          18000
     10      70    26.7    77.0     7.0    31.0  1012.0 Clouds          18000
     14      70    25.3    75.0     5.4     0.0  1013.0 Clear           18000
     18      70    24.2    75.0     4.5   319.0  1014.0 Clear           18000
     22      70    19.7    56.0     3.1   341.0  1016.0 Clouds          19800
     26      70    17.4    29.0     4.2    45.0  1017.0 Clear           18000
     30      70     5.0    53.0     0.6   288.0  1020.0 Clouds          18000
     34      70    -6.9    75.0     1.5   353.0  1023.0 Clouds          18000
     38      70     0.8    75.0     1.0     0.0  1024.0 Clouds          18000
     42      70    -4.6    72.0     4.2   114.0  1022.0 Clouds          18000
     46      70    -2.9    82.0     4.9   107.0  1023.0 Clouds          18000
     50      70   -17.0    92.0     2.1   151.0  1027.0 Clear           18000
     54      70   -13.5    94.0     1.8   216.0  1027.0 Clouds          18000
     58      70   -15.3    95.0     2.5    47.0  1029.0 Clouds          18000
     62      70   -37.1   100.0     1.5   333.0  1034.0 Clouds          18000
     66      70   -31.4    99.0     4.8   333.0  1032.0 Clouds          18000
     70      70   -37.0   100.0     2.6   308.0  1031.0 Clouds          18000
     74      70   -25.1   100.0     3.5   251.0  1028.0 Clouds          18000
     78      70    -8.1    88.0     3.5    96.0  1017.0 Clouds          18000
     82      70   -26.1   100.0     4.4   125.0  1023.0 Clouds          18000
     86      70   -31.6   100.0     4.8   135.0  1025.0 Clouds          18000
     90      70   -23.9   100.0     0.0    90.0  1024.0 Clouds          0

    -90      75   -31.9    81.0     0.0   102.0  1003.0 Clear           46800
    -86      75   -39.5    89.0     3.9   358.0  1012.0 Clouds          18000
    -82      75   -47.3   100.0     2.2   291.0  1022.0 Clouds          18000
    -78      75   -37.5    87.0     6.8   127.0  1006.0 Clouds          18000
    -74      75   -22.8    77.0     6.0    73.0   985.0 Clouds          18000
    -70      75   -12.7    58.0     6.2   148.0   977.0 Clouds          18000
    -66      75    -0.6    69.0     7.9   257.0   980.0 Clear           18000
    -62      75     0.9    86.0    12.1   251.0   988.0 Clear           18000
    -58      75     1.6    78.0    14.8   252.0   999.0 Clouds          18000
    -54      75     3.2    80.0    13.7   253.0  1012.0 Clouds          18000
    -50      75     4.0    85.0    12.4   251.0  1023.0 Clear           18000
    -46      75     7.6    68.0     9.0   229.0  1029.0 Clear           18000
    -42      75    10.9    69.0     6.5   144.0  1029.0 Clouds          18000
    -38      75    17.6    90.0     2.7   156.0  1025.0 Clouds          18000
    -34      75    21.3    85.0     3.1     2.0  1025.0 Rain            18000
    -30      75    23.0    78.0     5.3    52.0  1023.0 Rain            18000
    -26      75    24.5    72.0     8.1    84.0  1020.0 Clouds          18000
    -22      75    25.0    79.0     9.5    89.0  1017.0 Rain            18000
    -18      75    26.6    77.0     9.8   101.0  1014.0 Clouds          18000
    -14      75    27.9    75.0     6.7    99.0  1011.0 Clouds          18000
    -10      75    26.8    79.0     3.0   241.0  1011.0 Clouds          18000
     -6      75    27.7    76.0     4.9   291.0  1011.0 Clouds          18000
     -2      75    27.8    70.0     0.9   317.0  1011.0 Clouds          18000
      2      75    27.5    70.0     3.4    93.0  1011.0 Clouds          18000
      6      75    26.6    70.0     3.7    77.0  1012.0 Clear           18000
     10      75    27.0    67.0     3.7    63.0  1012.0 Clear           18000
     14      75    16.6    47.0     1.6    60.0  1015.0 Clear           19800
     18      75    22.7    40.0     3.1   103.0  1014.0 Clear           19800
     22      75    24.4    41.0     2.7    86.0  1015.0 Clouds          19800
     26      75    17.0    77.0     2.3   129.0  1016.0 Clouds          19800
     30      75    12.8    59.0     3.0    92.0  1018.0 Clouds          19800
     34      75     2.1    80.0     0.6    59.0  1025.0 Clouds          19800
     38      75   -16.8    72.0     3.8   280.0  1029.0 Clouds          28800
     42      75   -10.6    70.0     3.3   106.0  1032.0 Clouds          21600
     46      75    -5.1    87.0     3.1    27.0  1025.0 Clouds          18000
     50      75   -14.2    78.0     1.6   135.0  1030.0 Clouds          18000
     54      75   -18.0    92.0     1.4   211.0  1028.0 Clouds          21600
     58      75   -16.2    92.0     2.7    29.0  1029.0 Clouds          21600
     62      75   -32.5    99.0     4.0   308.0  1031.0 Clear           18000
     66      75   -30.1   100.0     3.2   329.0  1028.0 Clouds          18000
     70      75   -32.9   100.0     3.0   328.0  1029.0 Clouds          18000
     74      75   -26.7    97.0     2.7   297.0  1027.0 Clouds          18000
     78      75   -19.6    96.0     7.0   172.0  1021.0 Snow            18000
     82      75   -26.1   100.0     4.0   122.0  1024.0 Clouds          18000
     86      75   -31.8   100.0     4.5   140.0  1026.0 Clouds          18000
     90      75   -23.9   100.0     0.0    90.0  1024.0 Clouds          0

    -90      80   -31.9    81.0     0.0   102.0  1003.0 Clear           46800
    -86      80   -39.4    88.0     4.1   358.0  1013.0 Clouds          25200
    -82      80   -48.2   100.0     3.0   288.0  1027.0 Clouds          25200
    -78      80   -39.2    95.0     6.2   107.0  1009.0 Clouds          25200
    -74      80   -29.6    97.0     5.0    52.0   991.0 Clouds          25200
    -70      80   -24.5    70.0     7.9   103.0   986.0 Clear           25200
    -66      80    -2.3    86.0     8.3   236.0   977.0 Clouds          18000
    -62      80     0.6    84.0    12.1   233.0   983.0 Clouds          18000
    -58      80     0.1    89.0    14.2   253.0   993.0 Clouds          18000
    -54      80     2.9    83.0    14.3   253.0  1006.0 Clear           18000
    -50      80     4.8    83.0    14.3   249.0  1017.0 Clouds          18000
    -46      80     7.2    67.0    12.0   235.0  1026.0 Clear           18000
    -42      80    11.3    69.0     6.8   179.0  1027.0 Clear           18000
    -38      80    18.1    78.0     3.0   230.0  1026.0 Clouds          18000
    -34      80    20.8    83.0     1.2   240.0  1025.0 Clouds          18000
    -30      80    22.1    79.0     6.7    94.0  1024.0 Clouds          18000
    -26      80    23.5    74.0     7.2    98.0  1021.0 Clear           18000
    -22      80    24.7    68.0     8.4   112.0  1018.0 Clouds          18000
    -18      80    26.4    72.0     8.3   103.0  1014.0 Clear           18000
    -14      80    27.3    77.0     7.5   108.0  1011.0 Clouds          18000
    -10      80    26.9    80.0     3.6    50.0  1010.0 Clouds          18000
     -6      80    27.4    78.0     5.8   287.0  1011.0 Clouds          18000
     -2      80    27.6    72.0     2.5   320.0  1011.0 Clouds          18000
      2      80    27.5    77.0     2.9    36.0  1011.0 Clouds          18000
      6      80    26.7    78.0     3.6   166.0  1011.0 Clouds          19800
     10      80    25.3    84.0     8.5    38.0  1013.0 Clouds          19800
     14      80    20.5    80.0     1.3   350.0  1015.0 Clouds          19800
     18      80    19.1    85.0     3.7   189.0  1016.0 Clouds          19800
     22      80    17.1    38.0     2.1   353.0  1017.0 Clouds          19800
     26      80    13.3    42.0     1.9    85.0  1018.0 Clouds          19800
     30      80     7.5    32.0     2.2     1.0  1021.0 Clouds          19800
     34      80   -23.6    84.0     1.2   270.0  1030.0 Clouds          28800
     38      80    -1.3    47.0     1.4    65.0  1030.0 Clouds          28800
     42      80   -20.6    62.0     3.9    33.0  1026.0 Clouds          28800
     46      80   -17.7    97.0     1.4   169.0  1028.0 Clouds          18000
     50      80   -12.1    84.0     3.6   158.0  1030.0 Clouds          18000
     54      80   -15.3    92.0     2.1   192.0  1029.0 Clouds          25200
     58      80   -15.5    94.0     1.8     1.0  1028.0 Clouds          25200
     62      80   -33.6   100.0     2.2   279.0  1028.0 Clouds          18000
     66      80   -26.2    98.0     3.6   336.0  1024.0 Clouds          18000
     70      80   -25.1    98.0     4.4   326.0  1025.0 Clouds          25200
     74      80   -29.5   100.0     2.0   359.0  1026.0 Clouds          25200
     78      80   -25.7   100.0     4.8   162.0  1024.0 Clouds          18000
     82      80   -27.4   100.0     4.4   127.0  1025.0 Clouds          25200
     86      80   -31.6   100.0     4.5   147.0  1026.0 Clouds          18000
     90      80   -23.9   100.0     0.0    90.0  1024.0 Clouds          0

    -90      85   -31.9    81.0     0.0   102.0  1003.0 Clear           46800
    -86      85   -39.4    87.0     4.1   354.0  1013.0 Clouds          25200
    -82      85   -48.8   100.0     2.8   295.0  1030.0 Clouds          25200
    -78      85   -40.0   100.0     4.9    76.0  1009.0 Clouds          25200
    -74      85   -32.5    92.0     5.0    45.0   996.0 Clouds          25200
    -70      85   -30.0    74.0     7.1   117.0   993.0 Clear           25200
    -66      85    -5.2    85.0     5.3   238.0   973.0 Clouds          25200
    -62      85     0.7    81.0    14.8   224.0   976.0 Clouds          21600
    -58      85     0.7    87.0    16.5   251.0   987.0 Clouds          21600
    -54      85     2.7    80.0    14.9   255.0  1001.0 Clouds          21600
    -50      85     4.7    81.0    14.2   255.0  1012.0 Rain            21600
    -46      85     8.0    60.0    13.6   242.0  1021.0 Clear           21600
    -42      85    12.0    72.0     8.6   191.0  1024.0 Clouds          21600
    -38      85    17.0    95.0     5.8   299.0  1025.0 Rain            21600
    -34      85    18.9    71.0     2.5    56.0  1026.0 Clouds          21600
    -30      85    21.6    74.0     6.0   106.0  1024.0 Clouds          21600
    -26      85    23.0    70.0     8.0   112.0  1021.0 Clear           21600
    -22      85    23.6    75.0     7.8   116.0  1017.0 Clear           21600
    -18      85    25.2    72.0     8.7   109.0  1014.0 Clear           21600
    -14      85    26.3    80.0     8.2   104.0  1011.0 Rain            21600
    -10      85    27.2    81.0     6.6   131.0  1009.0 Clouds          21600
     -6      85    27.7    78.0     8.2   275.0  1010.0 Clouds          21600
     -2      85    27.3    75.0     2.8   291.0  1011.0 Clouds          21600
      2      85    27.6    71.0     2.0   101.0  1011.0 Clouds          21600
      6      85    27.5    75.0     4.1    80.0  1011.0 Clear           21600
     10      85    26.8    78.0     8.0    61.0  1012.0 Clouds          21600
     14      85    25.0    66.0     6.6    62.0  1014.0 Clear           21600
     18      85    23.6    69.0     2.4    73.0  1016.0 Clear           21600
     22      85    15.3    57.0     0.7   139.0  1017.0 Clouds          19800
     26      85    11.5    73.0     2.7   293.0  1018.0 Clouds          19800
     30      85   -25.4    82.0     2.0   229.0  1035.0 Clear           28800
     34      85   -14.6    51.0     2.4   196.0  1021.0 Clouds          28800
     38      85    -3.4    58.0     1.1    56.0  1031.0 Clouds          28800
     42      85    -1.6    60.0     1.0   288.0  1031.0 Clouds          28800
     46      85    -9.4    88.0     1.1   258.0  1034.0 Clear           28800
     50      85   -11.7    66.0     3.2    71.0  1034.0 Clear           18000
     54      85   -17.2    98.0     1.1   143.0  1032.0 Clouds          25200
     58      85   -13.8    96.0     1.6   331.0  1026.0 Clouds          25200
     62      85   -29.8   100.0     2.2   259.0  1024.0 Clouds          25200
     66      85   -23.4    98.0     4.3   331.0  1019.0 Clouds          25200
     70      85   -30.5    96.0     3.5   355.0  1022.0 Clouds          25200
     74      85   -27.6   100.0     4.1     4.0  1024.0 Clouds          25200
     78      85   -24.4   100.0     3.0   152.0  1026.0 Clouds          21600
     82      85   -29.4   100.0     3.8   132.0  1026.0 Clouds          21600
     86      85   -32.7   100.0     4.1   151.0  1027.0 Clouds          21600
     90      85   -23.9   100.0     0.0    90.0  1024.0 Clouds          0

    -90      90   -31.9    81.0     0.0   102.0  1003.0 Clear           46800
    -86      90   -39.2    87.0     3.8   350.0  1013.0 Clouds          18000
    -82      90   -49.0   100.0     2.5   307.0  1031.0 Clouds          18000
    -78      90   -41.0   100.0     4.2    55.0  1011.0 Clouds          18000
    -74      90   -40.0   100.0     4.7    54.0  1010.0 Clouds          18000
    -70      90   -30.5    75.0     8.9   114.0   993.0 Clouds          18000
    -66      90    -3.0    88.0     5.3   191.0   970.0 Clouds          18000
    -62      90     1.8    85.0    10.7   214.0   966.0 Clouds          21600
    -58      90     1.5    87.0    17.5   255.0   980.0 Snow            21600
    -54      90     3.1    80.0    15.7   262.0   996.0 Clouds          21600
    -50      90     5.2    78.0    14.2   261.0  1008.0 Rain            21600
    -46      90     8.3    71.0    12.3   241.0  1017.0 Clouds          21600
    -42      90    13.7    90.0     8.3   274.0  1021.0 Clouds          21600
    -38      90    16.2    79.0     6.3   308.0  1026.0 Clouds          21600
    -34      90    18.4    57.0     1.4    86.0  1026.0 Clouds          21600
    -30      90    20.1    69.0     6.2   113.0  1024.0 Clouds          21600
    -26      90    22.2    76.0     9.6   115.0  1020.0 Clear           21600
    -22      90    23.1    76.0     8.4   122.0  1016.0 Clear           21600
    -18      90    25.2    66.0     7.4   123.0  1013.0 Clouds          21600
    -14      90    26.5    75.0     7.1   108.0  1011.0 Clouds          21600
    -10      90    26.8    74.0     2.7   112.0  1010.0 Clear           21600
     -6      90    27.1    78.0     3.1   262.0  1010.0 Clear           21600
     -2      90    27.6    76.0     3.7   293.0  1010.0 Clouds          21600
      2      90    27.6    75.0     2.1     9.0  1011.0 Clouds          21600
      6      90    27.6    77.0     4.7    55.0  1011.0 Clouds          21600
     10      90    27.0    77.0     6.8    44.0  1012.0 Clouds          21600
     14      90    24.9    66.0     4.3    56.0  1014.0 Clear           21600
     18      90    23.4    60.0     4.6    12.0  1015.0 Clear           21600
     22      90    17.0    50.0     4.2     2.0  1016.0 Clouds          21600
     26      90    16.8    55.0     1.1   255.0  1016.0 Clouds          19800
     30      90   -14.4    50.0     2.7   210.0  1023.0 Clear           28800
     34      90   -13.3    48.0     7.4   260.0  1019.0 Clouds          28800
     38      90    -9.9    45.0     0.7   254.0  1021.0 Clouds          28800
     42      90    -4.0    62.0     1.0    20.0  1032.0 Clear           28800
     46      90   -14.2    74.0     3.5    91.0  1037.0 Clear           28800
     50      90   -15.6    51.0     2.8   289.0  1042.0 Clear           25200
     54      90   -11.8    83.0     2.0   218.0  1031.0 Clouds          25200
     58      90    -9.1    94.0     2.6   326.0  1024.0 Snow            25200
     62      90   -26.3   100.0     2.6   266.0  1021.0 Clouds          25200
     66      90   -26.6    98.0     1.6     0.0  1018.0 Clouds          25200
     70      90   -33.8   100.0     1.5    30.0  1020.0 Clouds          25200
     74      90   -43.0   100.0     1.0    38.0  1025.0 Clouds          25200
     78      90   -31.5    99.0     1.8   111.0  1027.0 Clouds          25200
     82      90   -31.6   100.0     3.1   122.0  1027.0 Clouds          21600
     86      90   -33.1   100.0     3.8   156.0  1028.0 Clouds          21600
     90      90   -23.9   100.0     0.0    90.0  1024.0 Clouds          0

    -90      95   -31.9    81.0     0.0   102.0  1003.0 Clear           46800
    -86      95   -39.5    89.0     3.4   343.0  1014.0 Clouds          18000
    -82      95   -47.5   100.0     2.9   290.0  1028.0 Clouds          18000
    -78      95   -42.4   100.0     3.7    48.0  1014.0 Clouds          18000
    -74      95   -48.4   100.0     2.6    98.0  1027.0 Clouds          18000
    -70      95   -33.7    87.0     9.2   126.0   998.0 Clouds          18000
    -66      95    -2.9    80.0    11.0   120.0   966.0 Clouds          18000
    -62      95     0.9   100.0     7.9   216.0   960.0 Snow            21600
    -58      95     0.7    96.0    17.4   269.0   974.0 Snow            21600
    -54      95     3.4    82.0    16.3   278.0   993.0 Clouds          21600
    -50      95     5.3    79.0    12.4   269.0  1006.0 Clouds          21600
    -46      95     8.3    92.0    10.4   232.0  1013.0 Rain            21600
    -42      95    13.3    89.0    12.0   315.0  1021.0 Clouds          21600
    -38      95    15.2    70.0     4.6   310.0  1027.0 Clouds          21600
    -34      95    17.0    70.0     4.0   110.0  1026.0 Clouds          21600
    -30      95    19.5    69.0     6.5   115.0  1022.0 Clouds          21600
    -26      95    21.5    75.0     8.4   121.0  1019.0 Clouds          21600
    -22      95    23.6    73.0     8.7   122.0  1015.0 Clouds          21600
    -18      95    24.6    75.0     6.5   131.0  1013.0 Clouds          21600
    -14      95    26.3    69.0     6.4   144.0  1011.0 Clouds          21600
    -10      95    27.3    71.0     3.4   242.0  1010.0 Clear           21600
     -6      95    27.1    75.0     3.2   258.0  1010.0 Clear           21600
     -2      95    27.1    79.0     4.4   255.0  1010.0 Clouds          21600
      2      95    28.0    74.0     2.8   257.0  1010.0 Clouds          21600
      6      95    27.8    75.0     6.2    70.0  1011.0 Clouds          25200
     10      95    27.0    75.0     4.4    78.0  1012.0 Clouds          19800
     14      95    26.1    69.0     2.3   330.0  1013.0 Clear           19800
     18      95    18.6    45.0     1.9   294.0  1014.0 Clear           23400
     22      95    19.1    57.0     1.1   337.0  1014.0 Clear           23400
     26      95     6.2    78.0     1.4    93.0  1020.0 Clouds          19800
     30      95     2.3    79.0     1.0   250.0  1025.0 Rain            28800
     34      95   -13.1    52.0     4.0   228.0  1017.0 Clouds          28800
     38      95   -10.6    56.0     0.9    55.0  1024.0 Clear           28800
     42      95    -5.0    58.0     1.5   129.0  1031.0 Clear           28800
     46      95   -10.8    63.0     0.3   118.0  1039.0 Clear           25200
     50      95   -25.3    97.0     2.2   126.0  1052.0 Clouds          25200
     54      95   -19.8    93.0     2.1    85.0  1037.0 Clouds          25200
     58      95    -7.0    93.0     4.4   259.0  1021.0 Snow            25200
     62      95   -27.2   100.0     1.0   232.0  1019.0 Clouds          25200
     66      95   -30.9    98.0     1.5    67.0  1019.0 Clouds          25200
     70      95   -39.4    99.0     1.8   230.0  1022.0 Clouds          25200
     74      95   -35.7    99.0     1.7    60.0  1024.0 Clouds          25200
     78      95   -34.4   100.0     2.3    79.0  1027.0 Clouds          25200
     82      95   -31.9   100.0     2.9   124.0  1028.0 Clouds          21600
     86      95   -33.0   100.0     3.7   162.0  1028.0 Clouds          21600
     90      95   -23.9   100.0     0.0    90.0  1024.0 Clouds          0

    -90     100   -31.9    81.0     0.0   102.0  1003.0 Clear           46800
    -86     100   -40.8    94.0     2.7   331.0  1017.0 Clouds          18000
    -82     100   -46.1   100.0     3.1   262.0  1027.0 Clouds          18000
    -78     100   -43.6   100.0     1.3    32.0  1018.0 Clouds          18000
    -74     100   -46.5   100.0     3.5   148.0  1026.0 Clouds          18000
    -70     100   -32.7    86.0     8.9   137.0   998.0 Clouds          28800
    -66     100    -3.7    76.0    10.0    88.0   965.0 Clouds          28800
    -62     100     1.2    94.0     5.1   343.0   955.0 Snow            25200
    -58     100     1.4    96.0    18.9   285.0   971.0 Snow            25200
    -54     100     3.6    81.0    16.7   289.0   992.0 Clouds          25200
    -50     100     6.3    84.0     8.9   258.0  1004.0 Clouds          25200
    -46     100    10.2    95.0    14.9   311.0  1012.0 Rain            25200
    -42     100    12.7    83.0    10.3   304.0  1023.0 Clouds          25200
    -38     100    13.9    67.0     3.5   298.0  1028.0 Clouds          25200
    -34     100    16.6    67.0     5.5   103.0  1025.0 Clouds          25200
    -30     100    19.4    67.0     8.0   118.0  1021.0 Clouds          25200
    -26     100    21.3    79.0     9.0   125.0  1017.0 Clouds          25200
    -22     100    23.4    77.0     8.7   135.0  1013.0 Rain            25200
    -18     100    24.3    72.0     5.1   147.0  1012.0 Rain            25200
    -14     100    26.2    73.0     4.8   135.0  1011.0 Clouds          25200
    -10     100    26.8    76.0     1.3    50.0  1010.0 Clouds          25200
     -6     100    27.2    74.0     3.9   281.0  1010.0 Clouds          25200
     -2     100    27.7    75.0     3.5   338.0  1010.0 Clouds          25200
      2     100    22.1    99.0     0.4   286.0  1011.0 Clouds          25200
      6     100    25.1    76.0     8.0    58.0  1011.0 Clear           28800
     10     100    26.4    76.0     4.9   133.0  1012.0 Clouds          25200
     14     100    22.9    77.0     1.8   210.0  1012.0 Clear           25200
     18     100    22.8    59.0     0.7    14.0  1014.0 Clear           25200
     22     100     8.8    56.0     0.5    44.0  1018.0 Clear           28800
     26     100    -1.1    70.0     2.4   268.0  1021.0 Clear           28800
     30     100   -10.7    49.0     3.1   215.0  1019.0 Clouds          28800
     34     100   -11.2    36.0     1.0   217.0  1017.0 Clouds          28800
     38     100   -15.3    95.0     1.2    48.0  1028.0 Clouds          28800
     42     100    -8.4    89.0     0.8   202.0  1036.0 Clear           28800
     46     100   -16.4    69.0     3.0    37.0  1041.0 Clear           28800
     50     100   -15.7    77.0     2.1   252.0  1039.0 Clouds          28800
     54     100    -8.9    83.0     2.6   233.0  1027.0 Clouds          28800
     58     100    -6.5    94.0     4.4   256.0  1019.0 Snow            28800
     62     100   -26.4   100.0     1.3    15.0  1017.0 Clouds          25200
     66     100   -31.2    98.0     1.7   132.0  1020.0 Clouds          25200
     70     100   -42.9   100.0     0.4    66.0  1025.0 Clouds          25200
     74     100   -34.7    97.0     2.3    31.0  1024.0 Clouds          25200
     78     100   -32.7   100.0     4.2    76.0  1026.0 Clouds          25200
     82     100   -34.2   100.0     3.0   127.0  1029.0 Clouds          25200
     86     100   -33.6    99.0     3.3   171.0  1029.0 Clouds          25200
     90     100   -23.9   100.0     0.0    90.0  1024.0 Clouds          0

    -90     105   -31.9    81.0     0.0   102.0  1003.0 Clear           46800
    -86     105   -41.7    98.0     1.8   317.0  1019.0 Clouds          18000
    -82     105   -43.9   100.0     2.7   245.0  1023.0 Clouds          18000
    -78     105   -43.6   100.0     0.2   323.0  1021.0 Clouds          18000
    -74     105   -43.2   100.0     4.7   147.0  1021.0 Clouds          18000
    -70     105   -33.9    94.0     9.1   127.0   999.0 Clouds          28800
    -66     105    -5.0    91.0    20.3   117.0   966.0 Snow            28800
    -62     105     1.1    97.0    11.8   341.0   961.0 Snow            25200
    -58     105     1.6    95.0    20.0   312.0   975.0 Snow            25200
    -54     105     4.3    84.0    14.6   292.0   994.0 Clear           25200
    -50     105     7.1    96.0    13.7   312.0  1005.0 Rain            25200
    -46     105    10.9    92.0    12.4   308.0  1017.0 Clouds          25200
    -42     105    12.9    84.0     8.4   300.0  1025.0 Rain            25200
    -38     105    13.8    76.0     2.6    77.0  1027.0 Clouds          25200
    -34     105    17.2    72.0     8.0   111.0  1024.0 Clouds          25200
    -30     105    19.8    72.0    10.2   124.0  1019.0 Clouds          25200
    -26     105    21.6    84.0    10.5   142.0  1014.0 Clouds          25200
    -22     105    23.3    81.0     5.5   152.0  1011.0 Clouds          25200
    -18     105    24.6    68.0     2.7   162.0  1011.0 Clear           25200
    -14     105    26.3    65.0     3.0   165.0  1010.0 Clouds          25200
    -10     105    26.8    77.0     1.7   191.0  1010.0 Clouds          25200
     -6     105    27.0    80.0     4.9   301.0  1010.0 Clouds          25200
     -2     105    26.9    80.0     7.4   355.0  1011.0 Clouds          25200
      2     105    25.9    81.0     7.5    22.0  1011.0 Clouds          28800
      6     105    24.5    84.0     6.6    55.0  1012.0 Clouds          25200
     10     105    22.4    81.0     4.2    86.0  1013.0 Clear           25200
     14     105    18.5    64.0     1.3    58.0  1014.0 Clear           25200
     18     105    12.4    99.0     1.8    33.0  1018.0 Clouds          25200
     22     105    16.3    83.0     0.3    96.0  1020.0 Clouds          25200
     26     105     8.1    79.0     1.9    92.0  1020.0 Clouds          28800
     30     105     7.3    72.0     1.5   327.0  1027.0 Clouds          28800
     34     105    -3.1    65.0     0.7   195.0  1028.0 Clouds          28800
     38     105    -4.6    54.0     2.1    32.0  1034.0 Clouds          28800
     42     105    -7.8    68.0     1.8   296.0  1034.0 Clear           28800
     46     105   -18.1    89.0     1.6   263.0  1040.0 Clouds          28800
     50     105   -16.7    85.0     2.5   278.0  1036.0 Clouds          28800
     54     105   -14.0    91.0     1.7   196.0  1030.0 Clouds          28800
     58     105    -8.0    94.0     4.7   216.0  1017.0 Snow            28800
     62     105   -22.7    99.0     1.0   123.0  1017.0 Snow            25200
     66     105   -32.3    99.0     3.9    98.0  1022.0 Snow            25200
     70     105   -38.1    99.0     1.8   117.0  1025.0 Clouds          25200
     74     105   -31.4    99.0     3.4    70.0  1024.0 Clouds          25200
     78     105   -31.2    99.0     3.6    63.0  1027.0 Clouds          25200
     82     105   -35.2    99.0     2.4   134.0  1030.0 Clouds          25200
     86     105   -33.8   100.0     3.2   177.0  1030.0 Clouds          25200
     90     105   -23.9   100.0     0.0    90.0  1024.0 Clouds          0

    -90     110   -31.9    81.0     0.0   102.0  1003.0 Clear           46800
    -86     110   -41.0   100.0     1.2   270.0  1018.0 Clouds          18000
    -82     110   -39.6    99.0     3.7   227.0  1016.0 Clouds          18000
    -78     110   -44.9   100.0     2.1   224.0  1025.0 Clouds          18000
    -74     110   -42.6   100.0     5.0   133.0  1020.0 Clouds          18000
    -70     110   -32.7    87.0     8.7   133.0   998.0 Clouds          28800
    -66     110    -2.2    92.0    11.1    60.0   968.0 Snow            28800
    -62     110     0.9    97.0    11.4   330.0   969.0 Snow            25200
    -58     110     3.1    83.0    15.8   307.0   982.0 Clouds          25200
    -54     110     5.4    95.0    11.7   296.0   995.0 Rain            25200
    -50     110     7.3    95.0    14.0   308.0  1008.0 Clouds          25200
    -46     110    10.7    91.0     9.4   299.0  1019.0 Clouds          25200
    -42     110    13.2    93.0     5.2   291.0  1026.0 Clouds          25200
    -38     110    14.4    71.0     4.7    98.0  1027.0 Clouds          25200
    -34     110    18.6    73.0    11.9   114.0  1022.0 Clear           25200
    -30     110    20.5    85.0    13.0   143.0  1015.0 Clouds          25200
    -26     110    22.5    90.0    10.9   153.0  1010.0 Clear           25200
    -22     110    25.0    87.0     7.5   186.0  1008.0 Clouds          25200
    -18     110    25.2    80.0     7.0   203.0  1009.0 Clouds          25200
    -14     110    26.2    74.0     5.7   227.0  1010.0 Clouds          25200
    -10     110    27.1    81.0     4.9   231.0  1010.0 Clouds          25200
     -6     110    26.8    81.0     6.2   287.0  1010.0 Clouds          25200
     -2     110    26.8    82.0     5.9   311.0  1010.0 Clouds          25200
      2     110    26.3    80.0     5.3    26.0  1011.0 Clouds          28800
      6     110    24.9    86.0     8.4    31.0  1012.0 Clouds          25200
     10     110    24.6    76.0    10.2    27.0  1013.0 Clouds          25200
     14     110    23.1    80.0     8.1   352.0  1015.0 Clouds          25200
     18     110    21.6    83.0    10.6    41.0  1018.0 Clouds          25200
     22     110    12.2    64.0     2.2   353.0  1021.0 Clear           28800
     26     110     1.8    88.0     0.9     8.0  1028.0 Clouds          28800
     30     110     2.2    94.0     0.7   143.0  1029.0 Rain            28800
     34     110    -1.7    54.0     0.6   336.0  1031.0 Clouds          28800
     38     110    -3.4    43.0     2.8   322.0  1033.0 Clear           28800
     42     110    -8.8    73.0     6.1   282.0  1033.0 Clear           28800
     46     110   -18.4    85.0     0.7   247.0  1035.0 Clouds          28800
     50     110   -15.8    98.0     1.6   253.0  1033.0 Snow            32400
     54     110   -23.2    84.0     1.4   322.0  1039.0 Clouds          28800
     58     110   -20.2    90.0     1.2   140.0  1026.0 Clouds          28800
     62     110   -22.3    97.0     4.2   135.0  1021.0 Clouds          32400
     66     110   -33.9   100.0     3.1   175.0  1026.0 Clouds          32400
     70     110   -34.1    97.0     1.6   242.0  1026.0 Clouds          32400
     74     110   -29.5   100.0     3.0    93.0  1024.0 Clouds          25200
     78     110   -29.4    95.0     3.4   100.0  1027.0 Clouds          25200
     82     110   -35.5   100.0     2.8   143.0  1031.0 Clouds          25200
     86     110   -33.9   100.0     3.1   180.0  1030.0 Clouds          25200
     90     110   -23.9   100.0     0.0    90.0  1024.0 Clouds          0

    -90     115   -31.9    81.0     0.0   102.0  1003.0 Clear           46800
    -86     115   -40.5   100.0     1.9   215.0  1017.0 Clouds          18000
    -82     115   -37.3   100.0     3.5   222.0  1013.0 Clouds          18000
    -78     115   -46.4   100.0     3.1   226.0  1028.0 Clouds          18000
    -74     115   -43.7   100.0     4.5   114.0  1021.0 Clouds          18000
    -70     115   -32.0    80.0     8.0   124.0   998.0 Clear           28800
    -66     115    -2.3    96.0    11.3   127.0   969.0 Snow            28800
    -62     115     1.9    85.0    11.3   297.0   974.0 Clouds          28800
    -58     115     3.7    87.0    11.5   296.0   985.0 Clouds          28800
    -54     115     5.6    95.0    14.4   304.0   998.0 Clouds          28800
    -50     115     7.7    90.0    14.3   290.0  1011.0 Clouds          28800
    -46     115    11.3    94.0     9.2   292.0  1020.0 Clouds          28800
    -42     115    13.4    90.0     5.2   273.0  1025.0 Clouds          28800
    -38     115    14.7    68.0     5.2   108.0  1027.0 Clouds          28800
    -34     115    15.2    73.0     7.3   114.0  1021.0 Clear           28800
    -30     115    25.9    46.0     6.5   103.0  1012.0 Clear           28800
    -26     115    32.5    19.0    10.1   105.0  1007.0 Clear           28800
    -22     115    29.4    61.0     2.9    13.0  1005.0 Clouds          28800
    -18     115    27.2    82.0     8.1   249.0  1006.0 Clouds          28800
    -14     115    27.6    67.0     8.0   254.0  1007.0 Clouds          28800
    -10     115    27.3    80.0     7.5   264.0  1009.0 Clouds          28800
     -6     115    27.6    80.0     7.5   275.0  1009.0 Clouds          25200
     -2     115    23.2    91.0     0.7   322.0  1010.0 Clouds          25200
      2     115    18.8   100.0     0.3    22.0  1013.0 Clouds          28800
      6     115    25.5    76.0     6.6    24.0  1011.0 Clouds          28800
     10     115    26.1    78.0     7.9    19.0  1012.0 Clouds          25200
     14     115    25.1    72.0     8.2    22.0  1014.0 Clouds          28800
     18     115    23.6    81.0     9.0    61.0  1016.0 Clouds          28800
     22     115    16.5    84.0     9.5    36.0  1021.0 Clouds          28800
     26     115     5.1    79.0     2.6   344.0  1029.0 Clouds          28800
     30     115     4.2    90.0     0.8   140.0  1031.0 Clouds          28800
     34     115     0.5    91.0     2.7   209.0  1030.0 Clouds          28800
     38     115    -0.7    86.0     2.5   240.0  1027.0 Clear           28800
     42     115   -14.3    85.0     3.5   290.0  1033.0 Clouds          28800
     46     115   -17.6    93.0     3.9   269.0  1033.0 Clouds          28800
     50     115   -18.2    75.0     6.1   326.0  1031.0 Clear           28800
     54     115   -37.8   100.0     0.5   189.0  1044.0 Clouds          32400
     58     115   -36.8    97.0     1.1    85.0  1041.0 Clouds          28800
     62     115   -29.6    99.0     2.7   163.0  1030.0 Clouds          32400
     66     115   -41.0   100.0     1.3   173.0  1031.0 Clouds          32400
     70     115   -34.0   100.0     3.1   168.0  1026.0 Clouds          32400
     74     115   -35.4    99.0     1.9   159.0  1025.0 Clouds          32400
     78     115   -30.2    99.0     3.4   125.0  1028.0 Clouds          28800
     82     115   -36.4   100.0     2.5   148.0  1031.0 Clouds          28800
     86     115   -34.7   100.0     3.1   183.0  1030.0 Clouds          28800
     90     115   -23.9   100.0     0.0    90.0  1024.0 Clouds          0

    -90     120   -31.9    81.0     0.0   102.0  1003.0 Clear           46800
    -86     120   -39.3   100.0     2.5   197.0  1016.0 Clouds          28800
    -82     120   -37.2   100.0     4.0   217.0  1013.0 Clouds          28800
    -78     120   -44.1   100.0     3.3   227.0  1024.0 Clouds          28800
    -74     120   -44.2   100.0     4.1   106.0  1022.0 Clouds          28800
    -70     120   -32.8    80.0     8.2   111.0  1000.0 Clear           28800
    -66     120    -4.0    94.0    16.1    98.0   971.0 Snow            28800
    -62     120     2.4    83.0    11.4   281.0   975.0 Clouds          28800
    -58     120     4.3    92.0    12.0   285.0   987.0 Clouds          28800
    -54     120     5.8    96.0    12.9   290.0   999.0 Clouds          28800
    -50     120     9.6    91.0    12.0   291.0  1011.0 Clouds          28800
    -46     120    11.3    78.0     7.8   273.0  1020.0 Clouds          28800
    -42     120    13.2    85.0     5.2   263.0  1025.0 Clouds          28800
    -38     120    15.7    63.0     3.7   158.0  1026.0 Clouds          28800
    -34     120    18.7    66.0     7.1   115.0  1023.0 Clouds          28800
    -30     120    19.4    53.0     9.5   103.0  1018.0 Clouds          28800
    -26     120    24.1    42.0     8.8   117.0  1013.0 Clouds          28800
    -22     120    29.0    46.0     6.8   184.0  1006.0 Clouds          28800
    -18     120    29.1    81.0     5.6   202.0  1004.0 Clouds          28800
    -14     120    28.0    75.0     8.9   260.0  1006.0 Clouds          28800
    -10     120    24.1    90.0     4.9   262.0  1009.0 Rain            28800
     -6     120    27.7    80.0     9.7   297.0  1009.0 Clouds          28800
     -2     120     9.6    93.0     0.9   234.0  1015.0 Clouds          28800
      2     120    28.1    67.0     5.5   356.0  1010.0 Clouds          28800
      6     120    27.0    81.0     5.2   349.0  1010.0 Clouds          28800
     10     120    26.4    82.0    11.4    35.0  1011.0 Clouds          28800
     14     120    25.5    73.0     8.2    69.0  1013.0 Clouds          28800
     18     120    25.1    67.0     5.3    51.0  1014.0 Clouds          28800
     22     120    21.3    76.0     3.6    31.0  1018.0 Rain            28800
     26     120    11.2    80.0    11.8    43.0  1026.0 Clouds          28800
     30     120     3.8    88.0     0.8   324.0  1031.0 Clouds          28800
     34     120     0.3    79.0     2.2   270.0  1030.0 Clear           28800
     38     120    -0.3    67.0     4.9   219.0  1028.0 Clear           28800
     42     120   -13.6    65.0     2.3   287.0  1028.0 Clear           28800
     46     120   -27.2   100.0     3.5   254.0  1033.0 Clouds          28800
     50     120   -33.2    96.0     0.6   238.0  1034.0 Clouds          28800
     54     120   -25.6    98.0     2.4   341.0  1031.0 Clouds          32400
     58     120   -30.0    93.0     2.8   206.0  1037.0 Clouds          32400
     62     120   -34.9   100.0     1.3   153.0  1034.0 Clouds          32400
     66     120   -23.6    99.0     1.4   197.0  1028.0 Clouds          32400
     70     120   -24.5    90.0     1.2   188.0  1027.0 Clouds          32400
     74     120   -26.8    95.0     2.8   171.0  1026.0 Clouds          28800
     78     120   -25.0    97.0     3.8   123.0  1029.0 Clouds          28800
     82     120   -36.4   100.0     2.7   152.0  1032.0 Clouds          28800
     86     120   -35.9   100.0     3.0   189.0  1031.0 Clouds          28800
     90     120   -23.9   100.0     0.0    90.0  1024.0 Clouds          0

    -90     125   -31.9    81.0     0.0   102.0  1003.0 Clear           46800
    -86     125   -37.4    99.0     2.9   189.0  1012.0 Clouds          28800
    -82     125   -36.6   100.0     4.2   209.0  1012.0 Clouds          28800
    -78     125   -43.3   100.0     3.1   232.0  1022.0 Clouds          28800
    -74     125   -45.4   100.0     3.5   135.0  1024.0 Clouds          28800
    -70     125   -35.9    85.0     7.3   112.0  1005.0 Clear           36000
    -66     125    -9.4    92.0    12.1   109.0   977.0 Snow            36000
    -62     125     2.3    97.0    12.4   290.0   974.0 Rain            28800
    -58     125     4.6    94.0    13.4   294.0   987.0 Clouds          28800
    -54     125     6.1    96.0    13.4   295.0  1000.0 Rain            28800
    -50     125     8.1    90.0    11.2   293.0  1012.0 Clouds          28800
    -46     125    10.7    76.0     8.6   261.0  1020.0 Clouds          28800
    -42     125    12.6    68.0     5.8   236.0  1024.0 Clouds          28800
    -38     125    15.0    68.0     4.8   176.0  1025.0 Clouds          28800
    -34     125    17.8    71.0     7.7   149.0  1023.0 Clouds          28800
    -30     125    17.4    75.0     6.6   136.0  1020.0 Clear           28800
    -26     125    22.7    52.0    10.8   130.0  1012.0 Clouds          28800
    -22     125    34.0    28.0    10.1   132.0  1002.0 Clouds          28800
    -18     125    25.9    78.0     3.4   288.0  1004.0 Clouds          28800
    -14     125    28.2    76.0     7.7   244.0  1005.0 Clouds          28800
    -10     125    28.5    69.0     4.8   285.0  1007.0 Clouds          32400
     -6     125    27.8    80.0     7.1   291.0  1009.0 Clouds          28800
     -2     125    26.7    79.0     3.8    13.0  1009.0 Clouds          32400
      2     125    27.7    77.0     4.6   294.0  1010.0 Clouds          28800
      6     125    21.1    91.0     1.6   354.0  1012.0 Clouds          28800
     10     125    26.0    82.0     4.9    57.0  1011.0 Clouds          28800
     14     125    26.4    77.0    10.3    51.0  1013.0 Rain            28800
     18     125    24.5    63.0     8.6    64.0  1017.0 Clouds          28800
     22     125    21.8    75.0     4.3    54.0  1019.0 Clouds          28800
     26     125    16.6    76.0    11.7    17.0  1023.0 Clouds          32400
     30     125     8.9    66.0     9.1   356.0  1027.0 Clouds          28800
     34     125     6.3    60.0    10.7   321.0  1027.0 Clouds          32400
     38     125    -2.1    56.0     5.4   354.0  1027.0 Clouds          32400
     42     125   -18.3    91.0     2.0   180.0  1028.0 Clouds          28800
     46     125   -20.4    87.0     1.6   222.0  1024.0 Clouds          28800
     50     125   -18.7    99.0     0.7   306.0  1023.0 Clouds          28800
     54     125   -25.6    94.0     1.9   296.0  1024.0 Clouds          32400
     58     125   -33.9   100.0     1.6   160.0  1038.0 Clouds          32400
     62     125   -36.5   100.0     1.4   266.0  1034.0 Clouds          32400
     66     125   -37.7   100.0     1.5   133.0  1031.0 Clouds          32400
     70     125   -39.3    99.0     0.6   213.0  1029.0 Clouds          32400
     74     125   -26.2    91.0     4.3   148.0  1027.0 Clouds          32400
     78     125   -23.1    97.0     5.5   130.0  1030.0 Snow            28800
     82     125   -35.6   100.0     3.0   158.0  1033.0 Clouds          28800
     86     125   -35.5    99.0     2.9   196.0  1031.0 Clouds          28800
     90     125   -23.9   100.0     0.0    90.0  1024.0 Clouds          0

    -90     130   -31.9    81.0     0.0   102.0  1003.0 Clear           46800
    -86     130   -36.0    98.0     3.1   185.0  1010.0 Clouds          28800
    -82     130   -33.7    97.0     3.2   200.0  1007.0 Clouds          28800
    -78     130   -39.7   100.0     3.6   228.0  1016.0 Clouds          28800
    -74     130   -43.6   100.0     4.0   174.0  1021.0 Clouds          28800
    -70     130   -36.2    86.0     7.0   129.0  1007.0 Clear           36000
    -66     130    -8.7    67.0     8.9    90.0   981.0 Clouds          36000
    -62     130     0.9    99.0    10.4   349.0   981.0 Snow            32400
    -58     130     2.5    97.0    12.4   320.0   991.0 Rain            32400
    -54     130     5.7    75.0    11.0   293.0  1002.0 Clouds          32400
    -50     130     7.5    70.0     9.5   254.0  1012.0 Clouds          32400
    -46     130    10.3    69.0    10.7   227.0  1018.0 Clouds          32400
    -42     130    12.5    70.0     9.7   223.0  1022.0 Clouds          32400
    -38     130    16.0    58.0     7.6   193.0  1023.0 Clouds          32400
    -34     130    17.2    66.0     9.2   154.0  1021.0 Clouds          32400
    -30     130    16.6    79.0     6.2   152.0  1018.0 Clouds          37800
    -26     130    20.5    59.0     7.4   143.0  1012.0 Clouds          37800
    -22     130    29.6    35.0     3.0    51.0  1005.0 Clouds          34200
    -18     130    25.8    73.0     3.5   138.0  1003.0 Clouds          34200
    -14     130    25.8    90.0     6.2   286.0  1003.0 Rain            34200
    -10     130    27.6    81.0     8.2   293.0  1006.0 Clouds          32400
     -6     130    28.2    82.0     9.0   299.0  1008.0 Clouds          32400
     -2     130    26.1    85.0     3.1   332.0  1009.0 Clouds          32400
      2     130    27.6    77.0     6.5   350.0  1010.0 Clouds          32400
      6     130    27.8    72.0     3.6    63.0  1010.0 Clouds          32400
     10     130    27.6    76.0     3.3    73.0  1011.0 Clouds          32400
     14     130    26.5    81.0    10.6    61.0  1013.0 Rain            32400
     18     130    24.5    63.0     7.0    56.0  1016.0 Clouds          32400
     22     130    20.8    69.0     2.2    18.0  1020.0 Clouds          32400
     26     130    18.0    74.0     8.8    11.0  1021.0 Clouds          32400
     30     130    12.9    62.0     9.9   343.0  1023.0 Clouds          32400
     34     130     6.5    54.0     8.0   319.0  1024.0 Clear           32400
     38     130     2.0    47.0     8.1   291.0  1021.0 Clear           32400
     42     130    -8.0    41.0     5.4   318.0  1022.0 Clear           32400
     46     130   -15.2    84.0     7.0   263.0  1022.0 Clouds          28800
     50     130   -28.0   100.0     1.2    23.0  1022.0 Clouds          32400
     54     130   -27.2   100.0     0.4   178.0  1024.0 Clouds          32400
     58     130   -35.5    97.0     2.4   333.0  1034.0 Clouds          32400
     62     130   -36.2    75.0     0.0     0.0  1033.0 Snow            32400
     66     130   -24.7    93.0     2.0   272.0  1026.0 Clouds          32400
     70     130   -23.2    91.0     1.5   226.0  1025.0 Clouds          32400
     74     130   -24.7    95.0     5.1   132.0  1029.0 Clouds          32400
     78     130   -22.5    97.0     6.0   131.0  1032.0 Clouds          32400
     82     130   -35.1   100.0     3.0   167.0  1034.0 Clouds          32400
     86     130   -36.5   100.0     2.9   200.0  1032.0 Clouds          32400
     90     130   -23.9   100.0     0.0    90.0  1024.0 Clouds          0

    -90     135   -31.9    81.0     0.0   102.0  1003.0 Clear           46800
    -86     135   -34.8    96.0     3.2   175.0  1008.0 Clouds          28800
    -82     135   -29.8    90.0     3.4   205.0  1002.0 Clouds          28800
    -78     135   -35.5    97.0     3.1   231.0  1011.0 Clouds          28800
    -74     135   -36.6    98.0     5.0   191.0  1010.0 Clouds          28800
    -70     135   -38.3    94.0     5.7   173.0  1011.0 Clear           36000
    -66     135   -17.3    66.0     3.0   169.0   984.0 Clouds          36000
    -62     135     1.7    86.0     7.0   299.0   985.0 Clouds          32400
    -58     135     3.7    86.0     8.0   280.0   993.0 Clouds          32400
    -54     135     5.3    80.0     9.9   248.0  1001.0 Clear           32400
    -50     135     7.4    68.0    12.3   222.0  1007.0 Clear           32400
    -46     135     9.6    61.0    14.9   226.0  1012.0 Clouds          32400
    -42     135    13.0    64.0    13.1   225.0  1017.0 Clouds          32400
    -38     135    15.6    62.0     9.1   202.0  1020.0 Clouds          32400
    -34     135    16.8    82.0    10.7   165.0  1018.0 Clear           37800
    -30     135    22.4    40.0     8.9   185.0  1014.0 Clouds          37800
    -26     135    29.4    35.0     9.1   166.0  1008.0 Clouds          37800
    -22     135    24.5    66.0     3.4    46.0  1006.0 Clouds          34200
    -18     135    24.1    87.0     5.5    57.0  1004.0 Clouds          34200
    -14     135    25.3    84.0     3.8   338.0  1004.0 Clouds          34200
    -10     135    27.8    83.0    10.7   306.0  1006.0 Clouds          32400
     -6     135    27.6    79.0     9.1   304.0  1008.0 Clouds          32400
     -2     135    26.0    85.0     4.5   346.0  1010.0 Clouds          32400
      2     135    28.1    65.0     5.2    11.0  1010.0 Clouds          32400
      6     135    27.8    68.0     4.5    37.0  1010.0 Clouds          32400
     10     135    27.9    72.0     5.8    63.0  1011.0 Clouds          32400
     14     135    26.8    77.0    10.8    64.0  1012.0 Clouds          32400
     18     135    24.4    69.0     8.2    57.0  1016.0 Clouds          32400
     22     135    21.5    62.0     2.3   125.0  1019.0 Clouds          32400
     26     135    19.9    69.0    10.0   209.0  1018.0 Clouds          32400
     30     135    14.1    53.0     8.5   332.0  1020.0 Clouds          32400
     34     135     7.6    59.0    10.3   308.0  1021.0 Clouds          32400
     38     135     2.3    65.0     7.7   304.0  1019.0 Clouds          32400
     42     135    -4.5    68.0     7.6   288.0  1016.0 Clouds          32400
     46     135   -18.3    99.0     1.3   185.0  1020.0 Snow            36000
     50     135   -21.3    98.0     1.1   351.0  1018.0 Clouds          36000
     54     135   -24.5    82.0     1.2   112.0  1021.0 Clouds          36000
     58     135   -36.5   100.0     1.4   272.0  1035.0 Clouds          36000
     62     135   -42.1   100.0     0.9   153.0  1035.0 Clouds          32400
     66     135   -35.7   100.0     1.0   153.0  1033.0 Clouds          36000
     70     135   -33.3   100.0     3.6   196.0  1030.0 Clouds          36000
     74     135   -27.2    99.0     5.6   116.0  1031.0 Clouds          32400
     78     135   -24.6    96.0     6.0   134.0  1035.0 Clouds          32400
     82     135   -35.2   100.0     3.1   175.0  1035.0 Clouds          32400
     86     135   -34.8    99.0     3.0   207.0  1032.0 Clouds          32400
     90     135   -23.9   100.0     0.0    90.0  1024.0 Clouds          0

    -90     140   -31.9    81.0     0.0   102.0  1003.0 Clear           46800
    -86     140   -33.9    95.0     3.1   168.0  1007.0 Clouds          28800
    -82     140   -25.9    85.0     3.5   202.0   998.0 Clouds          28800
    -78     140   -30.2    97.0     3.4   220.0  1004.0 Clouds          28800
    -74     140   -28.5    96.0     6.7   179.0   996.0 Clouds          28800
    -70     140   -34.8    94.0     7.0   197.0  1003.0 Clear           36000
    -66     140    -8.7    70.0     4.1   161.0   983.0 Clouds          36000
    -62     140     1.1    90.0     5.6   283.0   986.0 Clouds          32400
    -58     140     3.9    85.0     5.4   300.0   993.0 Clouds          32400
    -54     140     5.1    88.0     6.0   210.0   997.0 Clouds          32400
    -50     140     7.9    65.0    14.1   219.0  1000.0 Clouds          32400
    -46     140     9.8    60.0    14.6   229.0  1005.0 Clouds          32400
    -42     140    12.2    69.0    13.8   227.0  1012.0 Clouds          32400
    -38     140    14.5    73.0     8.7   203.0  1016.0 Clouds          32400
    -34     140    15.0    65.0     8.8   188.0  1014.0 Clouds          37800
    -30     140    28.8    37.0    10.4   178.0  1008.0 Clouds          37800
    -26     140    33.5    26.0     3.5   226.0  1005.0 Clouds          37800
    -22     140    27.5    59.0     3.1   293.0  1006.0 Clear           36000
    -18     140    26.2    85.0     2.5    50.0  1005.0 Clouds          36000
    -14     140    27.8    81.0     7.7   320.0  1005.0 Clouds          32400
    -10     140    27.7    81.0     9.5   309.0  1008.0 Clouds          36000
     -6     140    22.1    99.0     0.6   331.0  1010.0 Clouds          32400
     -2     140    27.7    73.0     5.6   282.0  1010.0 Clouds          32400
      2     140    29.0    70.0     5.6   350.0  1009.0 Clouds          32400
      6     140    28.8    72.0     6.8    48.0  1009.0 Clouds          32400
     10     140    27.7    79.0     6.7    69.0  1010.0 Clouds          36000
     14     140    27.1    81.0    11.5    51.0  1012.0 Rain            32400
     18     140    25.0    65.0     9.2    61.0  1016.0 Clouds          32400
     22     140    20.8    66.0     4.3    80.0  1019.0 Clouds          32400
     26     140    18.5    60.0     4.0   204.0  1020.0 Clear           32400
     30     140    14.0    80.0     8.0   316.0  1018.0 Rain            32400
     34     140     9.5    58.0    15.5   281.0  1017.0 Clouds          32400
     38     140    -2.5    98.0     1.4   212.0  1016.0 Snow            32400
     42     140    -0.9    78.0     7.7   306.0  1012.0 Snow            32400
     46     140    -2.9    66.0     6.4   349.0  1010.0 Clouds          39600
     50     140   -18.6    96.0     1.8   288.0  1015.0 Clouds          36000
     54     140   -15.7    96.0     3.6   325.0  1016.0 Snow            36000
     58     140   -27.8    81.0     4.5   296.0  1024.0 Clear           36000
     62     140   -23.2    70.0     2.5    42.0  1025.0 Clouds          32400
     66     140   -20.9    59.0     2.9    72.0  1026.0 Clear           36000
     70     140   -21.0    79.0     5.3   180.0  1028.0 Clouds          36000
     74     140   -25.1   100.0     5.9   119.0  1034.0 Clouds          32400
     78     140   -27.3    96.0     4.8   137.0  1037.0 Clouds          32400
     82     140   -34.5   100.0     3.3   181.0  1036.0 Clouds          32400
     86     140   -35.2   100.0     3.0   213.0  1032.0 Clouds          32400
     90     140   -23.9   100.0     0.0    90.0  1024.0 Clouds          0

    -90     145   -31.9    81.0     0.0   102.0  1003.0 Clear           46800
    -86     145   -32.9    93.0     3.1   160.0  1005.0 Clouds          28800
    -82     145   -23.5    83.0     3.6   188.0   995.0 Clouds          28800
    -78     145   -26.8    98.0     4.1   197.0   998.0 Clouds          28800
    -74     145   -24.6    97.0     5.8   166.0   990.0 Clouds          28800
    -70     145   -28.2    84.0     7.3   189.0   994.0 Clear           36000
    -66     145    -5.3    83.0     2.1   169.0   982.0 Clouds          36000
    -62     145     2.1    87.0     8.8   290.0   987.0 Clouds          36000
    -58     145     3.3    91.0     5.2   313.0   994.0 Clouds          36000
    -54     145     5.2    90.0     4.7   141.0   994.0 Clouds          36000
    -50     145     7.9    76.0    12.2   242.0   993.0 Rain            36000
    -46     145    10.1    64.0    12.0   248.0  1001.0 Clouds          36000
    -42     145    14.0    68.0    11.0   254.0  1007.0 Clouds          39600
    -38     145    16.7    83.0     0.9   215.0  1011.0 Clouds          39600
    -34     145    26.0    48.0     7.5   195.0  1008.0 Clouds          39600
    -30     145    31.5    34.0     9.6   180.0  1004.0 Clouds          39600
    -26     145    29.4    35.0     3.2    16.0  1005.0 Clouds          36000
    -22     145    26.9    48.0     2.6     3.0  1007.0 Clear           36000
    -18     145    19.4    96.0     1.8   293.0  1009.0 Clouds          36000
    -14     145    26.9    78.0     4.1   298.0  1007.0 Clouds          36000
    -10     145    27.4    78.0     6.6   289.0  1008.0 Clouds          36000
     -6     145    15.8    97.0     0.4   150.0  1014.0 Clouds          36000
     -2     145    28.3    76.0     7.5   305.0  1009.0 Clouds          36000
      2     145    27.9    74.0     5.3     8.0  1008.0 Clouds          36000
      6     145    25.6    86.0     7.6    72.0  1010.0 Rain            36000
     10     145    27.8    79.0     7.9    58.0  1010.0 Clouds          36000
     14     145    26.9    82.0    11.0    64.0  1012.0 Clouds          36000
     18     145    24.5    71.0     9.8    55.0  1016.0 Clouds          36000
     22     145    20.9    61.0     5.5    52.0  1019.0 Clouds          36000
     26     145    18.4    58.0     2.4   278.0  1020.0 Clouds          36000
     30     145    15.5    59.0     5.4   272.0  1018.0 Rain            36000
     34     145     8.3    67.0     1.3   302.0  1017.0 Clouds          36000
     38     145     5.9    53.0    14.6   284.0  1014.0 Clouds          36000
     42     145    -0.2    66.0     3.0   316.0  1009.0 Clouds          36000
     46     145    -5.8    69.0     7.5   315.0  1008.0 Clouds          36000
     50     145   -11.5    80.0    10.9   316.0  1004.0 Clouds          39600
     54     145    -4.2    93.0    19.6    12.0  1000.0 Snow            36000
     58     145    -7.3    79.0     7.6    38.0  1015.0 Clouds          36000
     62     145   -22.4    94.0     2.7   319.0  1026.0 Clouds          36000
     66     145   -37.6   100.0     0.6    86.0  1037.0 Clouds          39600
     70     145   -36.3   100.0     1.8   145.0  1033.0 Clouds          39600
     74     145   -29.8    99.0     4.1   106.0  1036.0 Clouds          36000
     78     145   -31.2    98.0     3.6   141.0  1039.0 Clouds          36000
     82     145   -34.3   100.0     3.4   192.0  1037.0 Clouds          36000
     86     145   -35.9   100.0     3.2   223.0  1033.0 Clouds          36000
     90     145   -23.9   100.0     0.0    90.0  1024.0 Clouds          0

    -90     150   -31.9    81.0     0.0   102.0  1003.0 Clear           46800
    -86     150   -31.9    90.0     3.0   151.0  1003.0 Clouds          28800
    -82     150   -19.5    93.0     3.2   165.0   991.0 Clouds          28800
    -78     150   -24.3    98.0     4.7   188.0   994.0 Clouds          28800
    -74     150   -24.3    98.0     2.0   120.0   989.0 Clouds          28800
    -70     150   -21.2    97.0     3.4   166.0   987.0 Clouds          36000
    -66     150    -2.8    87.0     1.9   294.0   981.0 Clouds          36000
    -62     150     1.9    84.0     8.9   277.0   987.0 Clouds          36000
    -58     150     2.6    87.0     5.0   281.0   995.0 Clouds          36000
    -54     150     6.5    85.0     4.0    90.0   993.0 Clouds          36000
    -50     150     8.7    80.0     7.4   255.0   992.0 Clouds          36000
    -46     150    12.0    74.0    11.3   263.0   999.0 Clouds          36000
    -42     150    16.5    76.0     9.9   223.0  1003.0 Clouds          36000
    -38     150    18.0    78.0    11.9   241.0  1007.0 Rain            36000
    -34     150    17.4    77.0     3.1   280.0  1005.0 Clouds          39600
    -30     150    23.7    58.0     3.5    56.0  1007.0 Rain            39600
    -26     150    21.1    69.0     4.0    19.0  1009.0 Clear           36000
    -22     150    25.4    79.0     3.7   161.0  1007.0 Clear           36000
    -18     150    26.9    70.0     4.9   223.0  1007.0 Clouds          36000
    -14     150    27.9    72.0     5.3   248.0  1007.0 Clouds          36000
    -10     150    28.1    67.0     0.4   146.0  1008.0 Clouds          36000
     -6     150    22.8    91.0     1.4     2.0  1010.0 Clouds          36000
     -2     150    28.5    75.0     7.6   293.0  1009.0 Rain            36000
      2     150    25.5    89.0     8.2   308.0  1010.0 Rain            36000
      6     150    27.6    83.0     7.8    80.0  1009.0 Rain            36000
     10     150    28.0    77.0     8.9    58.0  1009.0 Clouds          36000
     14     150    27.4    80.0    10.1    60.0  1012.0 Rain            36000
     18     150    24.4    74.0    10.8    39.0  1016.0 Clouds          36000
     22     150    21.6    59.0     5.3    18.0  1019.0 Clouds          36000
     26     150    18.6    62.0     6.0   302.0  1020.0 Clouds          36000
     30     150    15.8    55.0     9.4   291.0  1018.0 Clouds          36000
     34     150     9.5    62.0     9.8   310.0  1017.0 Clouds          36000
     38     150     5.4    62.0    10.8   276.0  1013.0 Rain            36000
     42     150     0.0    65.0     8.2   274.0  1009.0 Clouds          36000
     46     150    -4.8    79.0     8.1   290.0  1004.0 Snow            39600
     50     150    -3.7    59.0    11.7   281.0   996.0 Snow            36000
     54     150    -3.5    84.0    13.6    94.0   995.0 Snow            36000
     58     150    -7.3    70.0    12.5    56.0  1011.0 Clouds          36000
     62     150   -25.7   100.0     2.3    51.0  1030.0 Clouds          39600
     66     150   -25.4    97.0     4.0   310.0  1031.0 Clouds          39600
     70     150   -33.2   100.0     1.1    45.0  1034.0 Clouds          39600
     74     150   -30.2    99.0     3.6    89.0  1037.0 Clouds          36000
     78     150   -33.6   100.0     2.8   143.0  1040.0 Clouds          32400
     82     150   -33.9   100.0     3.3   200.0  1038.0 Clouds          36000
     86     150   -35.1    99.0     3.2   231.0  1033.0 Clouds          36000
     90     150   -23.9   100.0     0.0    90.0  1024.0 Clouds          0

    -90     155   -31.9    81.0     0.0   102.0  1003.0 Clear           46800
    -86     155   -30.2    85.0     3.3   150.0  1001.0 Clouds          28800
    -82     155   -19.3    96.0     1.8   113.0   990.0 Clouds          28800
    -78     155   -21.6    99.0     5.3   186.0   991.0 Clouds          28800
    -74     155   -23.4   100.0     2.3   158.0   988.0 Clouds          28800
    -70     155   -18.9    90.0     3.4   128.0   985.0 Clouds          36000
    -66     155    -2.7    92.0     2.5   219.0   980.0 Clouds          36000
    -62     155     1.4    89.0     8.3   260.0   986.0 Snow            36000
    -58     155     3.2    79.0     6.3   268.0   995.0 Clouds          36000
    -54     155     6.5    77.0     5.5    48.0   995.0 Clouds          36000
    -50     155    11.8    88.0    10.7   336.0   991.0 Clouds          36000
    -46     155    14.2    92.0     7.5   310.0   999.0 Clouds          36000
    -42     155    16.5    93.0     2.2   262.0  1002.0 Clouds          36000
    -38     155    20.5    93.0     9.3   350.0  1006.0 Clouds          36000
    -34     155    23.5    80.0     8.5     7.0  1007.0 Clear           36000
    -30     155    23.9    82.0     5.7     2.0  1009.0 Clouds          36000
    -26     155    25.2    85.0     4.7    69.0  1007.0 Clouds          36000
    -22     155    26.2    75.0     3.3    43.0  1006.0 Clouds          36000
    -18     155    26.7    74.0     3.2   305.0  1006.0 Clear           36000
    -14     155    28.1    73.0     5.3   254.0  1007.0 Clouds          36000
    -10     155    28.0    79.0     6.3   246.0  1008.0 Clouds          36000
     -6     155    18.1    84.0     0.8     5.0  1011.0 Clouds          39600
     -2     155    28.0    79.0     5.7   283.0  1009.0 Rain            36000
      2     155    27.1    81.0     4.2   100.0  1008.0 Clouds          39600
      6     155    26.3    87.0     6.7    84.0  1009.0 Rain            36000
     10     155    25.6    89.0     6.4   108.0  1010.0 Rain            36000
     14     155    27.4    77.0     9.3    61.0  1012.0 Clouds          36000
     18     155    25.9    79.0    10.5    36.0  1015.0 Rain            36000
     22     155    21.9    62.0     5.4   353.0  1019.0 Clouds          36000
     26     155    19.6    65.0     8.8   308.0  1018.0 Clouds          32400
     30     155    16.0    66.0    10.7   304.0  1016.0 Clouds          36000
     34     155    11.3    59.0    14.6   292.0  1014.0 Clouds          36000
     38     155     6.7    55.0    13.0   306.0  1011.0 Clouds          36000
     42     155     2.4    61.0    10.2   290.0  1007.0 Clouds          36000
     46     155    -0.7    65.0     7.3   279.0  1002.0 Snow            36000
     50     155    -2.1    55.0     9.8   255.0   997.0 Snow            39600
     54     155    -4.1    78.0     6.5    96.0   998.0 Clouds          36000
     58     155    -4.8    70.0    18.1    49.0  1008.0 Clouds          36000
     62     155   -29.1    99.0     1.0   320.0  1029.0 Clouds          39600
     66     155   -24.1   100.0     1.3   330.0  1027.0 Clouds          39600
     70     155   -24.8    94.0     3.9    13.0  1031.0 Clouds          39600
     74     155   -29.8    99.0     3.6    75.0  1038.0 Clouds          36000
     78     155   -33.9   100.0     2.3   142.0  1041.0 Clouds          32400
     82     155   -34.1   100.0     3.2   210.0  1038.0 Clouds          36000
     86     155   -34.4    99.0     3.3   236.0  1033.0 Clouds          36000
     90     155   -23.9   100.0     0.0    90.0  1024.0 Clouds          0

    -90     160   -31.9    81.0     0.0   102.0  1003.0 Clear           46800
    -86     160   -28.5    81.0     3.8   148.0   999.0 Clouds          28800
    -82     160   -12.4    80.0     1.7   224.0   988.0 Clouds          28800
    -78     160   -19.5    97.0     6.3   189.0   988.0 Clouds          28800
    -74     160   -23.9   100.0     1.0    16.0   990.0 Clouds          28800
    -70     160   -11.2    65.0     3.3   242.0   983.0 Clouds          36000
    -66     160    -2.5    90.0     2.9   237.0   979.0 Clouds          36000
    -62     160     1.2    84.0    11.8   268.0   985.0 Snow            39600
    -58     160     3.8    78.0     7.5   271.0   995.0 Clouds          39600
    -54     160     6.4    72.0     4.3   337.0   999.0 Clouds          39600
    -50     160    11.3    91.0     9.7   356.0   998.0 Clouds          39600
    -46     160    13.8    88.0     3.0    36.0  1001.0 Clouds          39600
    -42     160    17.5    89.0    12.1   347.0  1005.0 Clouds          39600
    -38     160    20.1    82.0     8.6   354.0  1010.0 Clouds          39600
    -34     160    20.6    74.0     4.6     2.0  1011.0 Clear           39600
    -30     160    22.7    72.0     3.8    37.0  1011.0 Clouds          39600
    -26     160    24.9    85.0     4.9    63.0  1009.0 Clear           39600
    -22     160    27.0    77.0     6.2    35.0  1008.0 Clear           39600
    -18     160    27.2    74.0     4.0   357.0  1007.0 Clear           39600
    -14     160    27.8    71.0     4.2   297.0  1008.0 Clouds          39600
    -10     160    28.2    75.0     6.2   295.0  1008.0 Clouds          39600
     -6     160    29.0    74.0     5.0   291.0  1009.0 Clouds          39600
     -2     160    28.4    76.0     3.2   290.0  1009.0 Rain            39600
      2     160    27.1    84.0     8.5    86.0  1010.0 Rain            39600
      6     160    27.8    81.0     9.3    94.0  1010.0 Rain            39600
     10     160    27.6    81.0    10.0    73.0  1011.0 Clouds          43200
     14     160    27.2    75.0     7.4    68.0  1013.0 Clouds          39600
     18     160    26.0    76.0     2.7    98.0  1015.0 Clouds          39600
     22     160    23.0    76.0     6.8     2.0  1017.0 Clouds          39600
     26     160    20.1    70.0     9.6   300.0  1017.0 Rain            39600
     30     160    16.8    70.0    13.0   286.0  1014.0 Rain            39600
     34     160    12.6    60.0    17.7   285.0  1010.0 Clouds          39600
     38     160     7.7    62.0    12.2   303.0  1007.0 Rain            39600
     42     160     3.7    61.0    10.5   321.0  1004.0 Clouds          39600
     46     160     0.3    51.0     3.7   268.0  1003.0 Clouds          39600
     50     160    -0.8    59.0     8.4   173.0  1001.0 Clouds          39600
     54     160    -3.7    91.0    15.1    54.0  1001.0 Snow            43200
     58     160   -18.9    69.0     3.0    86.0  1009.0 Clouds          43200
     62     160   -19.1    95.0     6.3    28.0  1018.0 Clouds          39600
     66     160   -32.3   100.0     1.4   184.0  1030.0 Clouds          43200
     70     160   -22.1    99.0     7.0    47.0  1029.0 Clouds          39600
     74     160   -29.7    99.0     3.8    59.0  1038.0 Clouds          39600
     78     160   -34.9   100.0     1.6   133.0  1042.0 Clouds          39600
     82     160   -34.0    99.0     3.1   224.0  1039.0 Clouds          39600
     86     160   -33.9    99.0     3.4   243.0  1033.0 Clouds          39600
     90     160   -23.9   100.0     0.0    90.0  1024.0 Clouds          0

    -90     165   -31.9    81.0     0.0   102.0  1003.0 Clear           46800
    -86     165   -27.2    80.0     4.2   139.0   998.0 Clouds          46800
    -82     165    -7.4    76.0     3.9   167.0   988.0 Clouds          46800
    -78     165    -3.4    71.0     4.5   201.0   983.0 Clouds          46800
    -74     165   -11.6    68.0     2.9   307.0   982.0 Clouds          46800
    -70     165    -3.0    88.0     5.6   128.0   980.0 Clouds          46800
    -66     165    -1.2    83.0     5.7   280.0   978.0 Clouds          39600
    -62     165     1.4    87.0    11.0   283.0   985.0 Snow            39600
    -58     165     5.3    65.0     9.9   278.0   994.0 Clouds          39600
    -54     165     7.5    65.0     6.0   290.0  1001.0 Clouds          39600
    -50     165     9.8    87.0     5.9     9.0  1004.0 Rain            46800
    -46     165    14.9    95.0    14.2     3.0  1005.0 Rain            39600
    -42     165    16.7    89.0     8.4   350.0  1011.0 Clear           39600
    -38     165    18.2    77.0     3.6    15.0  1014.0 Clear           39600
    -34     165    20.0    73.0     2.5   115.0  1012.0 Clouds          39600
    -30     165    22.5    92.0     4.3   173.0  1010.0 Clouds          39600
    -26     165    24.3    85.0     0.9   109.0  1010.0 Clouds          39600
    -22     165    26.8    78.0     1.2   144.0  1009.0 Clouds          39600
    -18     165    27.8    76.0     1.7   145.0  1007.0 Clouds          39600
    -14     165    27.8    72.0     2.3   229.0  1007.0 Clouds          39600
    -10     165    27.8    79.0     6.5   266.0  1008.0 Rain            39600
     -6     165    28.8    75.0     6.6   321.0  1009.0 Clouds          39600
     -2     165    28.3    72.0     1.9    32.0  1010.0 Clouds          39600
      2     165    29.0    74.0     7.5    65.0  1010.0 Rain            39600
      6     165    28.5    75.0     8.9    85.0  1010.0 Clouds          39600
     10     165    27.3    83.0     9.0    72.0  1012.0 Clouds          39600
     14     165    26.3    81.0     5.8    74.0  1014.0 Clouds          39600
     18     165    26.1    78.0     2.5    66.0  1016.0 Clear           39600
     22     165    23.8    88.0     3.6     1.0  1016.0 Rain            39600
     26     165    21.2    72.0     8.1   281.0  1015.0 Clouds          39600
     30     165    17.5    74.0    11.4   279.0  1012.0 Clouds          39600
     34     165    14.0    64.0    16.3   287.0  1007.0 Rain            39600
     38     165     7.8    62.0     9.2   313.0  1002.0 Rain            39600
     42     165     5.2    72.0    12.0   307.0   997.0 Rain            39600
     46     165     3.1    79.0     9.7    25.0  1000.0 Clouds          39600
     50     165     1.0    73.0     0.8   113.0  1003.0 Clouds          39600
     54     165     1.3    85.0     8.5   218.0  1003.0 Snow            43200
     58     165    -1.5    88.0    10.6     8.0  1007.0 Clouds          39600
     62     165   -24.3   100.0     1.9    27.0  1021.0 Clouds          43200
     66     165   -28.3    90.0     2.8   191.0  1029.0 Clouds          43200
     70     165   -23.2    99.0     4.0    65.0  1029.0 Clouds          39600
     74     165   -29.4    99.0     4.0    48.0  1038.0 Clouds          39600
     78     165   -34.5   100.0     1.1    81.0  1042.0 Clear           39600
     82     165   -33.9    99.0     3.0   237.0  1039.0 Clouds          39600
     86     165   -33.9    99.0     3.6   247.0  1033.0 Clouds          39600
     90     165   -23.9   100.0     0.0    90.0  1024.0 Clouds          0

    -90     170   -31.9    81.0     0.0   102.0  1003.0 Clear           46800
    -86     170   -26.6    79.0     4.4   134.0   997.0 Clouds          46800
    -82     170    -7.7    74.0     7.2   151.0   987.0 Clouds          46800
    -78     170    -7.5    90.0    11.9   210.0   982.0 Snow            46800
    -74     170    -3.1    92.0     7.7   246.0   979.0 Snow            46800
    -70     170    -2.1    76.0     5.7    52.0   981.0 Clouds          46800
    -66     170    -0.6    72.0     4.8   309.0   978.0 Clouds          39600
    -62     170     1.8    74.0     8.8   287.0   985.0 Clouds          39600
    -58     170     5.7    66.0     9.3   267.0   994.0 Clouds          39600
    -54     170     7.8    65.0     8.9   254.0  1001.0 Clouds          46800
    -50     170    10.0    71.0     5.2   259.0  1007.0 Clouds          39600
    -46     170    13.1    63.0     1.4    65.0  1009.0 Clouds          46800
    -42     170    16.1    65.0     4.1   225.0  1013.0 Clear           39600
    -38     170    16.7    71.0     2.4   114.0  1014.0 Clear           39600
    -34     170    20.4    95.0     6.9   105.0  1011.0 Rain            39600
    -30     170    23.7    94.0     6.2   357.0  1010.0 Clouds          39600
    -26     170    25.4    80.0     1.3   170.0  1011.0 Clear           39600
    -22     170    26.7    80.0     3.6    98.0  1009.0 Clouds          39600
    -18     170    28.2    76.0     5.5    90.0  1008.0 Clouds          39600
    -14     170    27.8    79.0     3.4   249.0  1008.0 Clouds          39600
    -10     170    27.9    77.0     5.4   288.0  1009.0 Clouds          39600
     -6     170    28.5    75.0     4.2   334.0  1009.0 Clouds          39600
     -2     170    28.8    78.0     6.7    60.0  1009.0 Clouds          43200
      2     170    28.6    72.0     8.8    77.0  1009.0 Clouds          39600
      6     170    28.0    80.0     7.3    65.0  1010.0 Clouds          43200
     10     170    27.5    84.0     9.2    71.0  1012.0 Clouds          43200
     14     170    26.5    84.0     7.5    96.0  1014.0 Clear           43200
     18     170    26.1    70.0     2.6   105.0  1016.0 Clouds          39600
     22     170    25.2    82.0     4.6   211.0  1016.0 Clear           39600
     26     170    21.3    85.0     7.6   283.0  1014.0 Rain            39600
     30     170    18.1    72.0    10.6   263.0  1011.0 Clear           39600
     34     170    14.5    77.0    13.7   262.0  1004.0 Rain            39600
     38     170     9.7    65.0    12.3   283.0   999.0 Rain            39600
     42     170     7.0    61.0    13.9   261.0   992.0 Rain            39600
     46     170     5.0    89.0    10.4    75.0   994.0 Rain            39600
     50     170     3.7    86.0     6.7    91.0  1003.0 Rain            39600
     54     170     2.4    71.0     5.0   188.0  1007.0 Clouds          39600
     58     170     1.6    84.0     9.1   132.0  1007.0 Clouds          39600
     62     170   -19.5    87.0     2.3    41.0  1022.0 Clouds          43200
     66     170   -35.9   100.0     0.8    18.0  1032.0 Clouds          43200
     70     170   -22.0    92.0     0.8   142.0  1030.0 Clouds          43200
     74     170   -29.0    99.0     4.2    44.0  1038.0 Clouds          39600
     78     170   -34.6   100.0     1.4    41.0  1042.0 Clear           39600
     82     170   -33.5    98.0     3.2   250.0  1039.0 Clouds          39600
     86     170   -33.8    98.0     3.9   253.0  1033.0 Clouds          39600
     90     170   -23.9   100.0     0.0    90.0  1024.0 Clouds          0

    -90     175   -31.9    81.0     0.0   102.0  1003.0 Clear           46800
    -86     175   -27.1    80.0     3.3   100.0   997.0 Clouds          46800
    -82     175    -8.7    84.0     6.7   153.0   985.0 Clouds          46800
    -78     175    -5.9    95.0     9.5   193.0   978.0 Snow            46800
    -74     175    -1.1    84.0    12.6   222.0   974.0 Clouds          46800
    -70     175    -2.7    63.0     1.1    54.0   982.0 Clouds          46800
    -66     175    -0.1    78.0     6.5   285.0   979.0 Clouds          43200
    -62     175     1.8    98.0     6.8   269.0   984.0 Snow            43200
    -58     175     6.3    67.0    10.1   242.0   991.0 Clouds          43200
    -54     175     7.5    76.0    11.6   244.0   998.0 Clear           43200
    -50     175     9.4    75.0    10.2   243.0  1006.0 Clear           43200
    -46     175    14.3    82.0     8.0   267.0  1011.0 Clouds          43200
    -42     175    15.9    82.0     7.0   320.0  1011.0 Clouds          43200
    -38     175    15.9    77.0     0.6   253.0  1013.0 Clear           46800
    -34     175    21.9    89.0     4.1    47.0  1013.0 Clouds          43200
    -30     175    24.3    93.0     3.7    67.0  1012.0 Clear           43200
    -26     175    26.1    86.0     5.3    86.0  1011.0 Clear           43200
    -22     175    26.9    84.0     2.9   100.0  1009.0 Clear           43200
    -18     175    27.8    80.0     3.8   138.0  1008.0 Clouds          43200
    -14     175    28.1    75.0     2.0    32.0  1008.0 Clear           43200
    -10     175    27.4    81.0     7.5   317.0  1009.0 Rain            43200
     -6     175    28.4    76.0     4.8    22.0  1010.0 Rain            43200
     -2     175    28.2    78.0     6.5    71.0  1010.0 Clouds          43200
      2     175    27.9    81.0     7.7    70.0  1010.0 Clouds          43200
      6     175    28.2    82.0    10.0    82.0  1010.0 Clouds          43200
     10     175    27.6    76.0     8.8    74.0  1013.0 Clouds          43200
     14     175    26.5    83.0     7.6    88.0  1015.0 Rain            43200
     18     175    25.6    75.0     5.3   117.0  1016.0 Clear           43200
     22     175    24.8    82.0     4.2   175.0  1017.0 Clear           43200
     26     175    22.5    89.0     8.9   235.0  1014.0 Rain            43200
     30     175    18.5    82.0    10.6   264.0  1010.0 Rain            43200
     34     175    15.2    75.0    12.9   259.0  1005.0 Rain            43200
     38     175    11.1    66.0    11.4   276.0   998.0 Rain            43200
     42     175     7.4    70.0    11.1   304.0   993.0 Rain            43200
     46     175     4.6    72.0    13.1    79.0   996.0 Clouds          43200
     50     175     2.7    63.0    11.2    91.0  1006.0 Clouds          43200
     54     175     2.8    78.0    10.3   150.0  1011.0 Clouds          -36000
     58     175     1.7    83.0     9.4   118.0  1013.0 Clouds          43200
     62     175   -12.4    94.0     4.4     2.0  1022.0 Clouds          43200
     66     175   -23.7    85.0     2.0   300.0  1027.0 Clear           43200
     70     175   -15.2   100.0     2.8    81.0  1029.0 Clouds          43200
     74     175   -28.5    99.0     4.3    37.0  1037.0 Clouds          43200
     78     175   -34.6   100.0     2.0    29.0  1042.0 Clear           43200
     82     175   -34.8    99.0     3.0   256.0  1039.0 Clouds          43200
     86     175   -33.9    99.0     4.0   259.0  1033.0 Clouds          43200
     90     175   -23.9   100.0     0.0    90.0  1024.0 Clouds          0

    -90     180   -31.9    81.0     0.0   102.0  1003.0 Clear           46800
    -86     180   -27.1    79.0     4.1   132.0   997.0 Clouds          -43200
    -82     180    -8.9    86.0     6.0   147.0   984.0 Clouds          -43200
    -78     180    -1.3    97.0     4.8   133.0   975.0 Snow            -43200
    -74     180    -1.1    92.0     2.1   157.0   971.0 Clouds          -43200
    -70     180    -2.4    67.0     6.5   236.0   981.0 Clouds          -43200
    -66     180     0.0    73.0     5.0   275.0   980.0 Clouds          -43200
    -62     180     2.9    78.0     5.6   280.0   983.0 Clouds          -43200
    -58     180     5.5    70.0     6.8   223.0   987.0 Clouds          -43200
    -54     180     8.0    73.0    12.4   222.0   991.0 Rain            -43200
    -50     180     9.3    79.0    13.3   254.0  1001.0 Clear           -43200
    -46     180    13.7    87.0     9.7   262.0  1008.0 Clouds          -43200
    -42     180    18.1    78.0     2.4   234.0  1009.0 Clear           -43200
    -38     180    20.3    84.0     8.4   322.0  1011.0 Clear           -43200
    -34     180    21.5    81.0     0.6    73.0  1013.0 Clear           -43200
    -30     180    23.9    89.0     5.0   152.0  1012.0 Clear           46800
    -26     180    25.7    87.0     7.2   146.0  1010.0 Clouds          -43200
    -22     180    27.0    87.0     6.3   153.0  1008.0 Rain            -43200
    -18     180    28.1    74.0     0.6    78.0  1008.0 Clouds          43200
    -14     180    28.4    73.0     5.5   326.0  1008.0 Clouds          43200
    -10     180    28.2    77.0     7.3   322.0  1010.0 Rain            43200
     -6     180    28.3    68.0     3.6    21.0  1011.0 Clouds          -43200
     -2     180    27.6    78.0     6.9    68.0  1011.0 Clouds          -43200
      2     180    27.2    81.0     7.2    73.0  1011.0 Clouds          -43200
      6     180    27.0    79.0    10.0    72.0  1012.0 Clouds          -43200
     10     180    27.3    68.0     9.4    85.0  1013.0 Clouds          -43200
     14     180    26.3    74.0     7.6    91.0  1015.0 Clouds          -43200
     18     180    25.6    75.0     5.8   104.0  1016.0 Clouds          -43200
     22     180    24.5    84.0     5.0   158.0  1017.0 Clear           -43200
     26     180    23.2    85.0     7.6   232.0  1015.0 Clear           -43200
     30     180    19.2    88.0     8.9   259.0  1011.0 Rain            -43200
     34     180    14.9    75.0     9.5   254.0  1006.0 Clear           -43200
     38     180    11.9    72.0    16.0   264.0   998.0 Rain            -43200
     42     180     8.1    85.0    15.8   280.0   982.0 Rain            -43200
     46     180     3.6    76.0    17.6    58.0   992.0 Clouds          -43200
     50     180     2.1    64.0    14.3    71.0  1004.0 Clouds          -36000
     54     180     1.2    65.0     9.6    92.0  1014.0 Clouds          -43200
     58     180     1.5    80.0     7.7   167.0  1017.0 Clouds          -43200
     62     180    -4.0    85.0     9.7    70.0  1022.0 Clouds          43200
     66     180   -29.1    94.0     2.0   326.0  1026.0 Clouds          -43200
     70     180   -20.9    97.0     3.8    12.0  1029.0 Clouds          -43200
     74     180   -27.5    99.0     4.4    30.0  1036.0 Clouds          -43200
     78     180   -34.4   100.0     2.6    21.0  1041.0 Clouds          -43200
     82     180   -34.9    99.0     3.1   275.0  1039.0 Clouds          -43200
     86     180   -33.3    98.0     4.5   269.0  1032.0 Clouds          -43200
     90     180   -23.9   100.0     0.0    90.0  1024.0 Clouds          0

